-- Opera adatbázis setup (MySQL)
-- Futtasd a tárhely phpMyAdmin felületén az 'adatb' adatbázisban
SET NAMES utf8mb4;
SET FOREIGN_KEY_CHECKS=0;
DROP TABLE IF EXISTS repertoar; DROP TABLE IF EXISTS szerep; DROP TABLE IF EXISTS mu; DROP TABLE IF EXISTS enekes;

CREATE TABLE enekes (
  id INT PRIMARY KEY AUTO_INCREMENT,
  nev VARCHAR(150) NOT NULL,
  szulev INT NOT NULL
) ENGINE=InnoDB DEFAULT CHARSET=utf8mb4;
CREATE TABLE mu (
  id INT PRIMARY KEY AUTO_INCREMENT,
  szerzo VARCHAR(100) NOT NULL,
  cim VARCHAR(200) NOT NULL
) ENGINE=InnoDB DEFAULT CHARSET=utf8mb4;
CREATE TABLE szerep (
  id INT PRIMARY KEY AUTO_INCREMENT,
  szerepnev VARCHAR(150) NOT NULL,
  muid INT NOT NULL,
  hang VARCHAR(50) NOT NULL
) ENGINE=InnoDB DEFAULT CHARSET=utf8mb4;
CREATE TABLE repertoar (
  id INT PRIMARY KEY AUTO_INCREMENT,
  enekesid INT NOT NULL,
  szerepid INT NOT NULL,
  utoljara INT NOT NULL
) ENGINE=InnoDB DEFAULT CHARSET=utf8mb4;

INSERT INTO enekes (id,nev,szulev) VALUES (1,'Staviczky Zinajda',1974);
INSERT INTO enekes (id,nev,szulev) VALUES (2,'Sztudnicska Bökény',1971);
INSERT INTO enekes (id,nev,szulev) VALUES (3,'Koronthaly Hágár',1949);
INSERT INTO enekes (id,nev,szulev) VALUES (4,'Schveiger Bianka',1961);
INSERT INTO enekes (id,nev,szulev) VALUES (5,'Vrchovszky Berengár',1975);
INSERT INTO enekes (id,nev,szulev) VALUES (6,'Ignácz Tankréd',1983);
INSERT INTO enekes (id,nev,szulev) VALUES (7,'Domonkos Salamon',1971);
INSERT INTO enekes (id,nev,szulev) VALUES (8,'Corvinus Aszter',1977);
INSERT INTO enekes (id,nev,szulev) VALUES (9,'Halmy Elina',1939);
INSERT INTO enekes (id,nev,szulev) VALUES (10,'Dobóczky Kont',1956);
INSERT INTO enekes (id,nev,szulev) VALUES (11,'Bajzáth Leonarda',1942);
INSERT INTO enekes (id,nev,szulev) VALUES (12,'Kenósy Magda',1966);
INSERT INTO enekes (id,nev,szulev) VALUES (13,'Schnur Szorina',1942);
INSERT INTO enekes (id,nev,szulev) VALUES (14,'Hitlay Gibárt',1950);
INSERT INTO enekes (id,nev,szulev) VALUES (15,'Meszlény Jordán',1957);
INSERT INTO enekes (id,nev,szulev) VALUES (16,'Pátz Angyalka',1981);
INSERT INTO enekes (id,nev,szulev) VALUES (17,'Ullmann Filoméla',1951);
INSERT INTO enekes (id,nev,szulev) VALUES (18,'Szimonides Ernesztina',1974);
INSERT INTO enekes (id,nev,szulev) VALUES (19,'Kreitler Alberta',1958);
INSERT INTO enekes (id,nev,szulev) VALUES (20,'Krajnyik Csobán',1984);
INSERT INTO enekes (id,nev,szulev) VALUES (21,'Bireszku Hajnalka',1947);
INSERT INTO enekes (id,nev,szulev) VALUES (22,'Tergovits Életke',1976);
INSERT INTO enekes (id,nev,szulev) VALUES (23,'Sahin Lícia',1984);
INSERT INTO enekes (id,nev,szulev) VALUES (24,'Dvorák Máriusz',1962);
INSERT INTO enekes (id,nev,szulev) VALUES (25,'Fáy-Halász Marót',1976);
INSERT INTO enekes (id,nev,szulev) VALUES (26,'Halpert Zia',1968);
INSERT INTO enekes (id,nev,szulev) VALUES (27,'Schauff Dagobert',1972);
INSERT INTO enekes (id,nev,szulev) VALUES (28,'Blasovics Lia',1955);
INSERT INTO enekes (id,nev,szulev) VALUES (29,'Békeffy Adonisz',1951);
INSERT INTO enekes (id,nev,szulev) VALUES (30,'Zsoldos Ottó',1952);
INSERT INTO enekes (id,nev,szulev) VALUES (31,'Zintz Nikolett',1941);
INSERT INTO enekes (id,nev,szulev) VALUES (32,'Ziffer Fedóra',1962);
INSERT INTO enekes (id,nev,szulev) VALUES (33,'Lukács Eta',1985);
INSERT INTO enekes (id,nev,szulev) VALUES (34,'Kadarin Lilla',1945);
INSERT INTO enekes (id,nev,szulev) VALUES (35,'Lövensohn Hódos',1942);
INSERT INTO enekes (id,nev,szulev) VALUES (36,'Grasselly Kandida',1967);
INSERT INTO enekes (id,nev,szulev) VALUES (37,'Gillich Pálma',1939);
INSERT INTO enekes (id,nev,szulev) VALUES (38,'Imig Alda',1972);
INSERT INTO enekes (id,nev,szulev) VALUES (39,'Koronghy Makár',1985);
INSERT INTO enekes (id,nev,szulev) VALUES (40,'Marcsák Hanna',1958);
INSERT INTO enekes (id,nev,szulev) VALUES (41,'Oetl Angusz',1984);
INSERT INTO enekes (id,nev,szulev) VALUES (42,'Pinkász Edit',1945);
INSERT INTO enekes (id,nev,szulev) VALUES (43,'Stadtruker Zádor',1947);
INSERT INTO enekes (id,nev,szulev) VALUES (44,'Tausig Stefánia',1973);
INSERT INTO enekes (id,nev,szulev) VALUES (45,'Bózsán Máriusz',1952);
INSERT INTO enekes (id,nev,szulev) VALUES (46,'Fejérvári Avarka',1951);
INSERT INTO enekes (id,nev,szulev) VALUES (47,'Köck Albertina',1964);
INSERT INTO enekes (id,nev,szulev) VALUES (48,'Madarassy Margit',1938);
INSERT INTO enekes (id,nev,szulev) VALUES (49,'Zsigmondy Debóra',1974);
INSERT INTO enekes (id,nev,szulev) VALUES (50,'Csellei Joakim',1985);
INSERT INTO enekes (id,nev,szulev) VALUES (51,'Ábrányi Ézsau',1986);
INSERT INTO enekes (id,nev,szulev) VALUES (52,'Reibmacher Harmatka',1944);
INSERT INTO enekes (id,nev,szulev) VALUES (53,'Ivanovics Lamberta',1979);
INSERT INTO enekes (id,nev,szulev) VALUES (54,'Hacken Erika',1961);
INSERT INTO enekes (id,nev,szulev) VALUES (55,'Markhót Imbert',1977);
INSERT INTO enekes (id,nev,szulev) VALUES (56,'Léwy Filotea',1985);
INSERT INTO enekes (id,nev,szulev) VALUES (57,'Soris Rajmunda',1970);
INSERT INTO enekes (id,nev,szulev) VALUES (58,'Bánó Karácson',1946);
INSERT INTO enekes (id,nev,szulev) VALUES (59,'Keszler Ulla',1949);
INSERT INTO enekes (id,nev,szulev) VALUES (60,'Losch Rápolt',1971);
INSERT INTO enekes (id,nev,szulev) VALUES (61,'Kremmer Cinnia',1956);
INSERT INTO enekes (id,nev,szulev) VALUES (62,'Joó Timótea',1977);
INSERT INTO enekes (id,nev,szulev) VALUES (63,'Hersch Hiláriusz',1979);
INSERT INTO enekes (id,nev,szulev) VALUES (64,'Martinszki Agnéta',1943);
INSERT INTO enekes (id,nev,szulev) VALUES (65,'Jóna Piroska',1953);
INSERT INTO enekes (id,nev,szulev) VALUES (66,'Madarász Zétény',1986);
INSERT INTO enekes (id,nev,szulev) VALUES (67,'Münster Kolos',1945);
INSERT INTO enekes (id,nev,szulev) VALUES (68,'Melász Zsuzsanna',1959);
INSERT INTO enekes (id,nev,szulev) VALUES (69,'Gyuracskay Gemma',1955);
INSERT INTO enekes (id,nev,szulev) VALUES (70,'Csávosy Orgona',1964);
INSERT INTO enekes (id,nev,szulev) VALUES (71,'Stiedl Szervác',1968);
INSERT INTO enekes (id,nev,szulev) VALUES (72,'Latinovits Karméla',1939);
INSERT INTO enekes (id,nev,szulev) VALUES (73,'Possvék Atala',1962);
INSERT INTO enekes (id,nev,szulev) VALUES (74,'Prugberger Adolf',1941);
INSERT INTO enekes (id,nev,szulev) VALUES (75,'Szuly István',1952);
INSERT INTO enekes (id,nev,szulev) VALUES (76,'Steden Blanka',1948);
INSERT INTO enekes (id,nev,szulev) VALUES (77,'Glasner Benjamina',1942);
INSERT INTO enekes (id,nev,szulev) VALUES (78,'Török Titán',1941);
INSERT INTO enekes (id,nev,szulev) VALUES (79,'Bókay Jakus',1973);
INSERT INTO enekes (id,nev,szulev) VALUES (80,'Kray Jákó',1956);
INSERT INTO enekes (id,nev,szulev) VALUES (81,'Csillaghy Krizanta',1958);
INSERT INTO enekes (id,nev,szulev) VALUES (82,'Krám Baldó',1955);
INSERT INTO enekes (id,nev,szulev) VALUES (83,'Schierer Odília',1961);
INSERT INTO enekes (id,nev,szulev) VALUES (84,'Pichler Menyhért',1976);
INSERT INTO enekes (id,nev,szulev) VALUES (85,'Schwarz Hedda',1972);
INSERT INTO enekes (id,nev,szulev) VALUES (86,'Lövenbein Rómeó',1943);
INSERT INTO enekes (id,nev,szulev) VALUES (87,'Berényi Kürt',1938);
INSERT INTO enekes (id,nev,szulev) VALUES (88,'Baxa Manó',1983);
INSERT INTO enekes (id,nev,szulev) VALUES (89,'Pregárd Rozamunda',1955);
INSERT INTO enekes (id,nev,szulev) VALUES (90,'Blazsuthy Marót',1984);
INSERT INTO enekes (id,nev,szulev) VALUES (91,'Hetfleisch Letícia',1969);
INSERT INTO enekes (id,nev,szulev) VALUES (92,'Gervay Ivána',1943);
INSERT INTO enekes (id,nev,szulev) VALUES (93,'Vilsmayer Antigoné',1971);
INSERT INTO enekes (id,nev,szulev) VALUES (94,'Kroh Kleofás',1976);
INSERT INTO enekes (id,nev,szulev) VALUES (95,'Taussig Robertina',1964);
INSERT INTO enekes (id,nev,szulev) VALUES (96,'Ganz Janka',1956);
INSERT INTO enekes (id,nev,szulev) VALUES (97,'Polgáry Sámuel',1968);
INSERT INTO enekes (id,nev,szulev) VALUES (98,'Sándor Makár',1974);
INSERT INTO enekes (id,nev,szulev) VALUES (99,'Grábovszky Paulina',1939);
INSERT INTO enekes (id,nev,szulev) VALUES (100,'Hirschl Alexandra',1982);
INSERT INTO enekes (id,nev,szulev) VALUES (101,'Koroján Bonifác',1951);
INSERT INTO enekes (id,nev,szulev) VALUES (102,'Cridenó Pelágia',1958);
INSERT INTO enekes (id,nev,szulev) VALUES (103,'Staffenberger Lícia',1952);
INSERT INTO enekes (id,nev,szulev) VALUES (104,'Radacsovszky Tankréd',1980);
INSERT INTO enekes (id,nev,szulev) VALUES (105,'Ludány Ifigénia',1972);
INSERT INTO enekes (id,nev,szulev) VALUES (106,'Fejes Zakeus',1970);
INSERT INTO enekes (id,nev,szulev) VALUES (107,'Mihályi Manó',1979);
INSERT INTO enekes (id,nev,szulev) VALUES (108,'Velancsics Koriolán',1975);
INSERT INTO enekes (id,nev,szulev) VALUES (109,'Ferbstein Barót',1980);
INSERT INTO enekes (id,nev,szulev) VALUES (110,'Madaras Éliás',1948);
INSERT INTO enekes (id,nev,szulev) VALUES (111,'Ludány Adalberta',1979);
INSERT INTO enekes (id,nev,szulev) VALUES (112,'Tordy Kató',1979);
INSERT INTO enekes (id,nev,szulev) VALUES (113,'Mánya Norma',1952);
INSERT INTO enekes (id,nev,szulev) VALUES (114,'Prokopiusz Éliás',1940);
INSERT INTO enekes (id,nev,szulev) VALUES (115,'Subert Egyed',1944);
INSERT INTO enekes (id,nev,szulev) VALUES (116,'Fraknói Aladár',1979);
INSERT INTO enekes (id,nev,szulev) VALUES (117,'Gayer Cecilián',1960);
INSERT INTO enekes (id,nev,szulev) VALUES (118,'Fisch Pető',1962);
INSERT INTO enekes (id,nev,szulev) VALUES (119,'Kossa Edvárd',1938);
INSERT INTO enekes (id,nev,szulev) VALUES (120,'Istóczy Modeszta',1959);
INSERT INTO enekes (id,nev,szulev) VALUES (121,'Eszterházy Imelda',1953);
INSERT INTO enekes (id,nev,szulev) VALUES (122,'Bághy Maximilla',1966);
INSERT INTO enekes (id,nev,szulev) VALUES (123,'Eibel Jarmila',1967);
INSERT INTO enekes (id,nev,szulev) VALUES (124,'Haberfeld Ernő',1941);
INSERT INTO enekes (id,nev,szulev) VALUES (125,'Wertheim Daniella',1980);
INSERT INTO enekes (id,nev,szulev) VALUES (126,'Jovanovits Agád',1952);
INSERT INTO enekes (id,nev,szulev) VALUES (127,'Fitos Mirjam',1944);
INSERT INTO enekes (id,nev,szulev) VALUES (128,'Krascsenits Hektor',1977);
INSERT INTO enekes (id,nev,szulev) VALUES (129,'Lamberg Apród',1953);
INSERT INTO enekes (id,nev,szulev) VALUES (130,'Duschoin Ariadné',1945);
INSERT INTO enekes (id,nev,szulev) VALUES (131,'Nádosy Hella',1972);
INSERT INTO enekes (id,nev,szulev) VALUES (132,'Dukay Karmelina',1954);
INSERT INTO enekes (id,nev,szulev) VALUES (133,'Bohn Jákob',1974);
INSERT INTO enekes (id,nev,szulev) VALUES (134,'Komis Jozafát',1956);
INSERT INTO enekes (id,nev,szulev) VALUES (135,'Klocz Mimóza',1959);
INSERT INTO enekes (id,nev,szulev) VALUES (136,'Martinszki Vincencia',1977);
INSERT INTO enekes (id,nev,szulev) VALUES (137,'Petky Szabina',1985);
INSERT INTO enekes (id,nev,szulev) VALUES (138,'Dillmont Liána',1948);
INSERT INTO enekes (id,nev,szulev) VALUES (139,'Kilián Dukász',1972);
INSERT INTO enekes (id,nev,szulev) VALUES (140,'Taub Ignác',1966);
INSERT INTO enekes (id,nev,szulev) VALUES (141,'Sikeli Szörény',1974);
INSERT INTO enekes (id,nev,szulev) VALUES (142,'Gelbman Edna',1955);
INSERT INTO enekes (id,nev,szulev) VALUES (143,'Pauner Zolna',1959);
INSERT INTO enekes (id,nev,szulev) VALUES (144,'Vásárhelyi Radamesz',1979);
INSERT INTO enekes (id,nev,szulev) VALUES (145,'Bottlik Ugor',1981);
INSERT INTO enekes (id,nev,szulev) VALUES (146,'Rozenbaum Hilária',1946);
INSERT INTO enekes (id,nev,szulev) VALUES (147,'Ehrenwald Hedda',1959);
INSERT INTO enekes (id,nev,szulev) VALUES (148,'Kenessey Paula',1967);
INSERT INTO enekes (id,nev,szulev) VALUES (149,'Nikolits Nemere',1952);
INSERT INTO enekes (id,nev,szulev) VALUES (150,'Csermelyi Alfréda',1959);
INSERT INTO enekes (id,nev,szulev) VALUES (151,'Siklossy Iza',1940);
INSERT INTO enekes (id,nev,szulev) VALUES (152,'Wachner Csenge',1954);
INSERT INTO enekes (id,nev,szulev) VALUES (153,'Pekárik Éda',1954);
INSERT INTO enekes (id,nev,szulev) VALUES (154,'Stegmüller Keve',1941);
INSERT INTO enekes (id,nev,szulev) VALUES (155,'Hosztinszky Bianka',1952);
INSERT INTO enekes (id,nev,szulev) VALUES (156,'Ludvigh Róza',1956);
INSERT INTO enekes (id,nev,szulev) VALUES (157,'Czirer Gazsó',1944);
INSERT INTO enekes (id,nev,szulev) VALUES (158,'Miriszlai Ivor',1972);
INSERT INTO enekes (id,nev,szulev) VALUES (159,'Fölger Szonja',1963);
INSERT INTO enekes (id,nev,szulev) VALUES (160,'Etlényi Kászon',1976);
INSERT INTO enekes (id,nev,szulev) VALUES (161,'Imrich Viviána',1949);
INSERT INTO enekes (id,nev,szulev) VALUES (162,'Kész Mercédesz',1938);
INSERT INTO enekes (id,nev,szulev) VALUES (163,'Lámm Remig',1973);
INSERT INTO enekes (id,nev,szulev) VALUES (164,'Trval Kenéz',1951);
INSERT INTO enekes (id,nev,szulev) VALUES (165,'István Saul',1983);
INSERT INTO enekes (id,nev,szulev) VALUES (166,'Bogdánfi Debóra',1947);
INSERT INTO enekes (id,nev,szulev) VALUES (167,'Navratil Szeveréd',1956);
INSERT INTO enekes (id,nev,szulev) VALUES (168,'Maróth Veron',1955);
INSERT INTO enekes (id,nev,szulev) VALUES (169,'Demek Rupert',1938);
INSERT INTO enekes (id,nev,szulev) VALUES (170,'Rabi Alárd',1968);
INSERT INTO enekes (id,nev,szulev) VALUES (171,'Ripeán Elizeus',1961);
INSERT INTO enekes (id,nev,szulev) VALUES (172,'Öszterreicher Bátor',1956);
INSERT INTO enekes (id,nev,szulev) VALUES (173,'Igar Arany',1970);
INSERT INTO enekes (id,nev,szulev) VALUES (174,'Hetyey Evariszt',1976);
INSERT INTO enekes (id,nev,szulev) VALUES (175,'Lukács Eta',1951);
INSERT INTO enekes (id,nev,szulev) VALUES (176,'Békásy Tárkány',1957);
INSERT INTO enekes (id,nev,szulev) VALUES (177,'Matkovich Radamesz',1969);
INSERT INTO enekes (id,nev,szulev) VALUES (178,'Solymosi Gyöngyvirág',1940);
INSERT INTO enekes (id,nev,szulev) VALUES (179,'Nikolsburger Ivó',1947);
INSERT INTO enekes (id,nev,szulev) VALUES (180,'Dóka Larina',1947);
INSERT INTO enekes (id,nev,szulev) VALUES (181,'Crompó Benáta',1962);
INSERT INTO enekes (id,nev,szulev) VALUES (182,'Fisch Berill',1962);
INSERT INTO enekes (id,nev,szulev) VALUES (183,'Boksán Rúfusz',1946);
INSERT INTO enekes (id,nev,szulev) VALUES (184,'Herczeg Valdemár',1944);
INSERT INTO enekes (id,nev,szulev) VALUES (185,'Zerkovics Euszták',1944);
INSERT INTO enekes (id,nev,szulev) VALUES (186,'Szakácsy Folkus',1975);
INSERT INTO enekes (id,nev,szulev) VALUES (187,'Szeöke Napsugár',1964);
INSERT INTO enekes (id,nev,szulev) VALUES (188,'Stelzl Bársonyka',1971);
INSERT INTO enekes (id,nev,szulev) VALUES (189,'Seiwert Leopold',1949);
INSERT INTO enekes (id,nev,szulev) VALUES (190,'Jurik Kalliszta',1972);
INSERT INTO enekes (id,nev,szulev) VALUES (191,'Lichtenstein Gida',1946);
INSERT INTO enekes (id,nev,szulev) VALUES (192,'Niedermajer Kesző',1956);
INSERT INTO enekes (id,nev,szulev) VALUES (193,'Lera Marót',1976);
INSERT INTO enekes (id,nev,szulev) VALUES (194,'Gebhardt Titanilla',1980);
INSERT INTO enekes (id,nev,szulev) VALUES (195,'Hittaller Zöldike',1950);
INSERT INTO enekes (id,nev,szulev) VALUES (196,'Gelb Márton',1966);
INSERT INTO enekes (id,nev,szulev) VALUES (197,'Fleiszig Csilla',1977);
INSERT INTO enekes (id,nev,szulev) VALUES (198,'Hlatki Minna',1955);
INSERT INTO enekes (id,nev,szulev) VALUES (199,'Wetzler Galatea',1960);
INSERT INTO enekes (id,nev,szulev) VALUES (200,'Köner Fábián',1974);
INSERT INTO enekes (id,nev,szulev) VALUES (201,'Schullerin Trisztán',1947);
INSERT INTO enekes (id,nev,szulev) VALUES (202,'Ludvigh Kardos',1979);
INSERT INTO enekes (id,nev,szulev) VALUES (203,'Singer Ottó',1946);
INSERT INTO enekes (id,nev,szulev) VALUES (204,'Bende Adolf',1946);
INSERT INTO enekes (id,nev,szulev) VALUES (205,'Vertán Menyhért',1980);

INSERT INTO mu (id,szerzo,cim) VALUES (1,'Weber','A bűvös vadász');
INSERT INTO mu (id,szerzo,cim) VALUES (2,'Bizet','A Gyöngyhalászok');
INSERT INTO mu (id,szerzo,cim) VALUES (3,'Prokofjev','A három narancs szerelmese');
INSERT INTO mu (id,szerzo,cim) VALUES (4,'Bartók','A kékszakállú herceg vára');
INSERT INTO mu (id,szerzo,cim) VALUES (5,'Wagner','A nürnbergi mesterdalnokok');
INSERT INTO mu (id,szerzo,cim) VALUES (6,'Rossini','A sevillai borbély');
INSERT INTO mu (id,szerzo,cim) VALUES (7,'Mozart','A varázsfuvola');
INSERT INTO mu (id,szerzo,cim) VALUES (8,'Wagner','A walkür');
INSERT INTO mu (id,szerzo,cim) VALUES (9,'Hubay','Az álarc');
INSERT INTO mu (id,szerzo,cim) VALUES (10,'Erkel','Bánk bán');
INSERT INTO mu (id,szerzo,cim) VALUES (11,'Puccini','Bohémélet');
INSERT INTO mu (id,szerzo,cim) VALUES (12,'Verdi','Don Carlos');
INSERT INTO mu (id,szerzo,cim) VALUES (13,'Mozart','Don Juan');
INSERT INTO mu (id,szerzo,cim) VALUES (14,'Gounod','Faust');
INSERT INTO mu (id,szerzo,cim) VALUES (15,'Beethoven','Fidelio');
INSERT INTO mu (id,szerzo,cim) VALUES (16,'Offenbach','Hoffmann meséi');
INSERT INTO mu (id,szerzo,cim) VALUES (17,'Muszorgszkij','Hovanscsina');
INSERT INTO mu (id,szerzo,cim) VALUES (18,'Erkel','Hunyadi László');
INSERT INTO mu (id,szerzo,cim) VALUES (19,'Borogyin','Igor herceg');
INSERT INTO mu (id,szerzo,cim) VALUES (20,'Erkel','István király');
INSERT INTO mu (id,szerzo,cim) VALUES (21,'Delibes','Lakmé');
INSERT INTO mu (id,szerzo,cim) VALUES (22,'Donizetti','Lammermori Lucia');
INSERT INTO mu (id,szerzo,cim) VALUES (23,'Wagner','Lohengrin');
INSERT INTO mu (id,szerzo,cim) VALUES (24,'Flotow','Márta');
INSERT INTO mu (id,szerzo,cim) VALUES (25,'Mascagni','Parasztbecsület');
INSERT INTO mu (id,szerzo,cim) VALUES (26,'Puccini','Pillangókisasszony');
INSERT INTO mu (id,szerzo,cim) VALUES (27,'Goldmark','Sába királynője');
INSERT INTO mu (id,szerzo,cim) VALUES (28,'Strauss','Salome');
INSERT INTO mu (id,szerzo,cim) VALUES (29,'Rossini','Tell Vilmos');
INSERT INTO mu (id,szerzo,cim) VALUES (30,'Puccini','Tosca');
INSERT INTO mu (id,szerzo,cim) VALUES (31,'Bizet','Carmen');

INSERT INTO szerep (id,szerepnev,muid,hang) VALUES (8,'Igor Herceg',19,'bariton');
INSERT INTO szerep (id,szerepnev,muid,hang) VALUES (9,'Jaroszlavna',19,'szoprán');
INSERT INTO szerep (id,szerepnev,muid,hang) VALUES (10,'Vlagyimir',19,'tenor');
INSERT INTO szerep (id,szerepnev,muid,hang) VALUES (11,'Galackij herceg',19,'basszus');
INSERT INTO szerep (id,szerepnev,muid,hang) VALUES (12,'Koncsak',19,'basszus');
INSERT INTO szerep (id,szerepnev,muid,hang) VALUES (13,'Koncsakovna',19,'alt');
INSERT INTO szerep (id,szerepnev,muid,hang) VALUES (14,'Ovlur',19,'tenor');
INSERT INTO szerep (id,szerepnev,muid,hang) VALUES (15,'Szkula',19,'basszus');
INSERT INTO szerep (id,szerepnev,muid,hang) VALUES (16,'Jeroska',19,'tenor');
INSERT INTO szerep (id,szerepnev,muid,hang) VALUES (17,'Jaroszlavna Dajkája',19,'mezzoszoprán');
INSERT INTO szerep (id,szerepnev,muid,hang) VALUES (18,'A Kékszakállú Herceg',4,'basszus');
INSERT INTO szerep (id,szerepnev,muid,hang) VALUES (19,'Judit',4,'mezzoszoprán');
INSERT INTO szerep (id,szerepnev,muid,hang) VALUES (20,'Ottokár',1,'bariton');
INSERT INTO szerep (id,szerepnev,muid,hang) VALUES (21,'Kunó',1,'basszus');
INSERT INTO szerep (id,szerepnev,muid,hang) VALUES (22,'Agáta',1,'szoprán');
INSERT INTO szerep (id,szerepnev,muid,hang) VALUES (23,'Annuska',1,'szoprán');
INSERT INTO szerep (id,szerepnev,muid,hang) VALUES (24,'Gáspár',1,'basszus');
INSERT INTO szerep (id,szerepnev,muid,hang) VALUES (25,'Max',1,'tenor');
INSERT INTO szerep (id,szerepnev,muid,hang) VALUES (26,'Remete',1,'basszus');
INSERT INTO szerep (id,szerepnev,muid,hang) VALUES (27,'Kilián',1,'bariton');
INSERT INTO szerep (id,szerepnev,muid,hang) VALUES (28,'Faust',14,'tenor');
INSERT INTO szerep (id,szerepnev,muid,hang) VALUES (29,'Mefisztó',14,'basszus');
INSERT INTO szerep (id,szerepnev,muid,hang) VALUES (30,'Valentin',14,'bariton');
INSERT INTO szerep (id,szerepnev,muid,hang) VALUES (31,'Margit',14,'szoprán');
INSERT INTO szerep (id,szerepnev,muid,hang) VALUES (32,'Siebel',14,'szoprán');
INSERT INTO szerep (id,szerepnev,muid,hang) VALUES (33,'Wagner',14,'bariton');
INSERT INTO szerep (id,szerepnev,muid,hang) VALUES (34,'Márta',14,'mezzoszoprán');
INSERT INTO szerep (id,szerepnev,muid,hang) VALUES (35,'Endre (II.)',10,'bariton');
INSERT INTO szerep (id,szerepnev,muid,hang) VALUES (36,'Gertrúd Királyné',10,'mezzoszoprán');
INSERT INTO szerep (id,szerepnev,muid,hang) VALUES (37,'Ottó',10,'tenor');
INSERT INTO szerep (id,szerepnev,muid,hang) VALUES (38,'Bánk Bán',10,'tenor');
INSERT INTO szerep (id,szerepnev,muid,hang) VALUES (39,'Melinda',10,'szoprán');
INSERT INTO szerep (id,szerepnev,muid,hang) VALUES (40,'Petúr Bán',10,'bariton');
INSERT INTO szerep (id,szerepnev,muid,hang) VALUES (41,'Tiborc',10,'bariton');
INSERT INTO szerep (id,szerepnev,muid,hang) VALUES (42,'Biberach',10,'basszus');
INSERT INTO szerep (id,szerepnev,muid,hang) VALUES (43,'egy királyi tiszt',10,'tenor');
INSERT INTO szerep (id,szerepnev,muid,hang) VALUES (44,'zászlós',10,'bariton');
INSERT INTO szerep (id,szerepnev,muid,hang) VALUES (45,'István',20,'bariton');
INSERT INTO szerep (id,szerepnev,muid,hang) VALUES (46,'Gizella',20,'mezzoszoprán');
INSERT INTO szerep (id,szerepnev,muid,hang) VALUES (47,'Imre',20,'tenor');
INSERT INTO szerep (id,szerepnev,muid,hang) VALUES (48,'Péter',20,'bariton');
INSERT INTO szerep (id,szerepnev,muid,hang) VALUES (49,'Vazul',20,'bariton');
INSERT INTO szerep (id,szerepnev,muid,hang) VALUES (50,'Sebos',20,'tenor');
INSERT INTO szerep (id,szerepnev,muid,hang) VALUES (51,'Crescimira',20,'szoprán');
INSERT INTO szerep (id,szerepnev,muid,hang) VALUES (52,'Jóva',20,'alt');
INSERT INTO szerep (id,szerepnev,muid,hang) VALUES (53,'Zolna',20,'szoprán');
INSERT INTO szerep (id,szerepnev,muid,hang) VALUES (54,'Csanád',20,'bariton');
INSERT INTO szerep (id,szerepnev,muid,hang) VALUES (55,'László (V.)',18,'tenor');
INSERT INTO szerep (id,szerepnev,muid,hang) VALUES (56,'Cillei Ulrik',18,'bariton');
INSERT INTO szerep (id,szerepnev,muid,hang) VALUES (57,'Szilágyi Erzsébet',18,'szoprán');
INSERT INTO szerep (id,szerepnev,muid,hang) VALUES (58,'László',18,'tenor');
INSERT INTO szerep (id,szerepnev,muid,hang) VALUES (59,'Mátyás',18,'szoprán');
INSERT INTO szerep (id,szerepnev,muid,hang) VALUES (60,'Gara Miklós',18,'bariton');
INSERT INTO szerep (id,szerepnev,muid,hang) VALUES (61,'Mária',18,'szoprán');
INSERT INTO szerep (id,szerepnev,muid,hang) VALUES (62,'Szilágyi Mihály',18,'basszus');
INSERT INTO szerep (id,szerepnev,muid,hang) VALUES (63,'Rozgonyi',18,'bariton');
INSERT INTO szerep (id,szerepnev,muid,hang) VALUES (64,'Hadnagy',18,'tenor');
INSERT INTO szerep (id,szerepnev,muid,hang) VALUES (65,'egy nemes',18,'tenor');
INSERT INTO szerep (id,szerepnev,muid,hang) VALUES (66,'Lady Harriet Durham',24,'szoprán');
INSERT INTO szerep (id,szerepnev,muid,hang) VALUES (67,'Nancy',24,'alt');
INSERT INTO szerep (id,szerepnev,muid,hang) VALUES (68,'Lord Tristan Mickleford',24,'basszus');
INSERT INTO szerep (id,szerepnev,muid,hang) VALUES (69,'Lyonel',24,'tenor');
INSERT INTO szerep (id,szerepnev,muid,hang) VALUES (70,'Plumkett',24,'bariton');
INSERT INTO szerep (id,szerepnev,muid,hang) VALUES (71,'Lord Ashton',22,'bariton');
INSERT INTO szerep (id,szerepnev,muid,hang) VALUES (72,'Lucia',22,'szoprán');
INSERT INTO szerep (id,szerepnev,muid,hang) VALUES (73,'Sir Edgar Ravenswood',22,'tenor');
INSERT INTO szerep (id,szerepnev,muid,hang) VALUES (74,'Lord Artur Buklaw',22,'tenor');
INSERT INTO szerep (id,szerepnev,muid,hang) VALUES (75,'Raymond Bidebent',22,'basszus');
INSERT INTO szerep (id,szerepnev,muid,hang) VALUES (76,'Alisa',22,'mezzoszoprán');
INSERT INTO szerep (id,szerepnev,muid,hang) VALUES (77,'Norman',22,'tenor');
INSERT INTO szerep (id,szerepnev,muid,hang) VALUES (78,'Leila',2,'szoprán');
INSERT INTO szerep (id,szerepnev,muid,hang) VALUES (79,'Nadír',2,'tenor');
INSERT INTO szerep (id,szerepnev,muid,hang) VALUES (80,'Zurga',2,'bariton');
INSERT INTO szerep (id,szerepnev,muid,hang) VALUES (81,'Nurabad',2,'basszus');
INSERT INTO szerep (id,szerepnev,muid,hang) VALUES (82,'Pillangókiasszony',26,'szoprán');
INSERT INTO szerep (id,szerepnev,muid,hang) VALUES (83,'Szuzuki',26,'mezzoszoprán');
INSERT INTO szerep (id,szerepnev,muid,hang) VALUES (84,'Kate Pinkerton',26,'mezzoszoprán');
INSERT INTO szerep (id,szerepnev,muid,hang) VALUES (85,'Pinkerton',26,'tenor');
INSERT INTO szerep (id,szerepnev,muid,hang) VALUES (86,'Sharpless',26,'bariton');
INSERT INTO szerep (id,szerepnev,muid,hang) VALUES (87,'Goro',26,'tenor');
INSERT INTO szerep (id,szerepnev,muid,hang) VALUES (88,'Yamadori Herceg',26,'tenor');
INSERT INTO szerep (id,szerepnev,muid,hang) VALUES (89,'Bonzo',26,'basszus');
INSERT INTO szerep (id,szerepnev,muid,hang) VALUES (90,'a császári biztos',26,'bariton');
INSERT INTO szerep (id,szerepnev,muid,hang) VALUES (91,'tiszt',26,'bariton');
INSERT INTO szerep (id,szerepnev,muid,hang) VALUES (92,'Cso-Cso-Szán anyja',26,'szoprán');
INSERT INTO szerep (id,szerepnev,muid,hang) VALUES (93,'Rodolphe',11,'tenor');
INSERT INTO szerep (id,szerepnev,muid,hang) VALUES (94,'Schaunard',11,'bariton');
INSERT INTO szerep (id,szerepnev,muid,hang) VALUES (95,'Marcel',11,'bariton');
INSERT INTO szerep (id,szerepnev,muid,hang) VALUES (96,'Colline',11,'basszus');
INSERT INTO szerep (id,szerepnev,muid,hang) VALUES (97,'Musette',11,'szoprán');
INSERT INTO szerep (id,szerepnev,muid,hang) VALUES (98,'Mimi',11,'szoprán');
INSERT INTO szerep (id,szerepnev,muid,hang) VALUES (99,'Alcindor',11,'basszus');
INSERT INTO szerep (id,szerepnev,muid,hang) VALUES (100,'Benoit',11,'basszus');
INSERT INTO szerep (id,szerepnev,muid,hang) VALUES (101,'Parpignol',11,'tenor');
INSERT INTO szerep (id,szerepnev,muid,hang) VALUES (102,'fináncőrmester',11,'basszus');
INSERT INTO szerep (id,szerepnev,muid,hang) VALUES (103,'Mario Cavaradossi',30,'tenor');
INSERT INTO szerep (id,szerepnev,muid,hang) VALUES (104,'Báró Scarpia',30,'bariton');
INSERT INTO szerep (id,szerepnev,muid,hang) VALUES (105,'Cesare Angelotti',30,'basszus');
INSERT INTO szerep (id,szerepnev,muid,hang) VALUES (106,'sekrestyés',30,'bariton');
INSERT INTO szerep (id,szerepnev,muid,hang) VALUES (107,'Spoletta',30,'tenor');
INSERT INTO szerep (id,szerepnev,muid,hang) VALUES (108,'Sciarrone',30,'basszus');
INSERT INTO szerep (id,szerepnev,muid,hang) VALUES (109,'Börtönor',30,'basszus');
INSERT INTO szerep (id,szerepnev,muid,hang) VALUES (111,'Almaviva Gróf',6,'tenor');
INSERT INTO szerep (id,szerepnev,muid,hang) VALUES (112,'Bartolo',6,'bariton');
INSERT INTO szerep (id,szerepnev,muid,hang) VALUES (113,'Rosina',6,'szoprán');
INSERT INTO szerep (id,szerepnev,muid,hang) VALUES (114,'Figaro',6,'bariton');
INSERT INTO szerep (id,szerepnev,muid,hang) VALUES (115,'Basilio',6,'basszus');
INSERT INTO szerep (id,szerepnev,muid,hang) VALUES (116,'Berta',6,'mezzoszoprán');
INSERT INTO szerep (id,szerepnev,muid,hang) VALUES (117,'Fiorello',6,'bariton');
INSERT INTO szerep (id,szerepnev,muid,hang) VALUES (118,'tiszt',6,'basszus');
INSERT INTO szerep (id,szerepnev,muid,hang) VALUES (119,'Tell Vilmos',29,'bariton');
INSERT INTO szerep (id,szerepnev,muid,hang) VALUES (120,'Gemmy',29,'mezzoszoprán');
INSERT INTO szerep (id,szerepnev,muid,hang) VALUES (121,'Hedvig',29,'alt');
INSERT INTO szerep (id,szerepnev,muid,hang) VALUES (122,'Arnold',29,'tenor');
INSERT INTO szerep (id,szerepnev,muid,hang) VALUES (123,'Melchthal',29,'basszus');
INSERT INTO szerep (id,szerepnev,muid,hang) VALUES (124,'Fürst Walter',29,'basszus');
INSERT INTO szerep (id,szerepnev,muid,hang) VALUES (125,'Gessler',29,'basszus');
INSERT INTO szerep (id,szerepnev,muid,hang) VALUES (126,'Matild',29,'szoprán');
INSERT INTO szerep (id,szerepnev,muid,hang) VALUES (127,'Rudolf',29,'tenor');
INSERT INTO szerep (id,szerepnev,muid,hang) VALUES (128,'Leuthold',29,'basszus');
INSERT INTO szerep (id,szerepnev,muid,hang) VALUES (129,'egy halász',29,'tenor');
INSERT INTO szerep (id,szerepnev,muid,hang) VALUES (130,'Károly (V.) császár',12,'bariton');
INSERT INTO szerep (id,szerepnev,muid,hang) VALUES (131,'Fülöp (II.) spanyol király',12,'basszus');
INSERT INTO szerep (id,szerepnev,muid,hang) VALUES (132,'Valois Erzsébet',12,'szoprán');
INSERT INTO szerep (id,szerepnev,muid,hang) VALUES (133,'Don Carlos spanyol infáns',12,'tenor');
INSERT INTO szerep (id,szerepnev,muid,hang) VALUES (134,'Aremberg grófné',12,'mezzoszoprán');
INSERT INTO szerep (id,szerepnev,muid,hang) VALUES (135,'Posa márki',12,'tenor');
INSERT INTO szerep (id,szerepnev,muid,hang) VALUES (136,'Lerma gróf',12,'bariton');
INSERT INTO szerep (id,szerepnev,muid,hang) VALUES (137,'Tebaldo',12,'szoprán');
INSERT INTO szerep (id,szerepnev,muid,hang) VALUES (138,'főinkvizitor',12,'basszus');
INSERT INTO szerep (id,szerepnev,muid,hang) VALUES (139,'egy udvarhölgy',12,'szoprán');
INSERT INTO szerep (id,szerepnev,muid,hang) VALUES (140,'mennyei hang',12,'szoprán');
INSERT INTO szerep (id,szerepnev,muid,hang) VALUES (141,'Salamon király',27,'bariton');
INSERT INTO szerep (id,szerepnev,muid,hang) VALUES (142,'főpap',27,'basszus');
INSERT INTO szerep (id,szerepnev,muid,hang) VALUES (143,'Szulamit',27,'szoprán');
INSERT INTO szerep (id,szerepnev,muid,hang) VALUES (144,'Asszád',27,'tenor');
INSERT INTO szerep (id,szerepnev,muid,hang) VALUES (145,'Baal-Hanan',27,'bariton');
INSERT INTO szerep (id,szerepnev,muid,hang) VALUES (146,'Sába királynője',27,'mezzoszoprán');
INSERT INTO szerep (id,szerepnev,muid,hang) VALUES (147,'Asztarót',27,'szoprán');
INSERT INTO szerep (id,szerepnev,muid,hang) VALUES (148,'templomőr',27,'basszus');
INSERT INTO szerep (id,szerepnev,muid,hang) VALUES (149,'Ségur gróf',9,'basszus');
INSERT INTO szerep (id,szerepnev,muid,hang) VALUES (150,'Jeanne',9,'alt');
INSERT INTO szerep (id,szerepnev,muid,hang) VALUES (151,'Éva',9,'szoprán');
INSERT INTO szerep (id,szerepnev,muid,hang) VALUES (152,'Planta',9,'bariton');
INSERT INTO szerep (id,szerepnev,muid,hang) VALUES (153,'Sombreuil',9,'basszus');
INSERT INTO szerep (id,szerepnev,muid,hang) VALUES (154,'Chassis Raoul tengerésztiszt',9,'tenor');
INSERT INTO szerep (id,szerepnev,muid,hang) VALUES (155,'D''Indres tábornok',9,'basszus');
INSERT INTO szerep (id,szerepnev,muid,hang) VALUES (156,'Monsigny admirális',9,'bariton');
INSERT INTO szerep (id,szerepnev,muid,hang) VALUES (157,'Trémoville',9,'tenor');
INSERT INTO szerep (id,szerepnev,muid,hang) VALUES (158,'Rivoire tisztek',9,'tenor');
INSERT INTO szerep (id,szerepnev,muid,hang) VALUES (159,'Floch',9,'bariton');
INSERT INTO szerep (id,szerepnev,muid,hang) VALUES (160,'Placard',9,'bariton');
INSERT INTO szerep (id,szerepnev,muid,hang) VALUES (161,'Foucauld törzsorvos',9,'basszus');
INSERT INTO szerep (id,szerepnev,muid,hang) VALUES (162,'Muezzin',9,'tenor');
INSERT INTO szerep (id,szerepnev,muid,hang) VALUES (163,'fiatal halász',9,'tenor');
INSERT INTO szerep (id,szerepnev,muid,hang) VALUES (164,'Olympia',16,'szoprán');
INSERT INTO szerep (id,szerepnev,muid,hang) VALUES (165,'Giulietta',16,'szoprán');
INSERT INTO szerep (id,szerepnev,muid,hang) VALUES (166,'Antonia',16,'szoprán');
INSERT INTO szerep (id,szerepnev,muid,hang) VALUES (167,'Miklós',16,'mezzoszoprán');
INSERT INTO szerep (id,szerepnev,muid,hang) VALUES (168,'Antonia anyjának hangja',16,'mezzoszoprán');
INSERT INTO szerep (id,szerepnev,muid,hang) VALUES (169,'Hoffmann',16,'tenor');
INSERT INTO szerep (id,szerepnev,muid,hang) VALUES (170,'Spalanzani',16,'tenor');
INSERT INTO szerep (id,szerepnev,muid,hang) VALUES (171,'Nathanael',16,'tenor');
INSERT INTO szerep (id,szerepnev,muid,hang) VALUES (172,'Crespel',16,'basszus');
INSERT INTO szerep (id,szerepnev,muid,hang) VALUES (173,'Luther',16,'basszus');
INSERT INTO szerep (id,szerepnev,muid,hang) VALUES (174,'Andrés',16,'tenor');
INSERT INTO szerep (id,szerepnev,muid,hang) VALUES (175,'Cochenille',16,'tenor');
INSERT INTO szerep (id,szerepnev,muid,hang) VALUES (176,'Pittichinaccio',16,'tenor');
INSERT INTO szerep (id,szerepnev,muid,hang) VALUES (177,'Ferenc',16,'tenor');
INSERT INTO szerep (id,szerepnev,muid,hang) VALUES (178,'Lindorf',16,'basszus');
INSERT INTO szerep (id,szerepnev,muid,hang) VALUES (179,'Coppélius',16,'basszus');
INSERT INTO szerep (id,szerepnev,muid,hang) VALUES (180,'Dappertutto',16,'basszus');
INSERT INTO szerep (id,szerepnev,muid,hang) VALUES (181,'Miracle',16,'basszus');
INSERT INTO szerep (id,szerepnev,muid,hang) VALUES (182,'Hermann',16,'bariton');
INSERT INTO szerep (id,szerepnev,muid,hang) VALUES (183,'Schlemil',16,'bariton');
INSERT INTO szerep (id,szerepnev,muid,hang) VALUES (184,'Nilakanta',21,'bariton');
INSERT INTO szerep (id,szerepnev,muid,hang) VALUES (185,'Lakmé',21,'szoprán');
INSERT INTO szerep (id,szerepnev,muid,hang) VALUES (186,'Mallika, szolga',21,'mezzoszoprán');
INSERT INTO szerep (id,szerepnev,muid,hang) VALUES (187,'Hadzsi, szolga',21,'tenor');
INSERT INTO szerep (id,szerepnev,muid,hang) VALUES (188,'Gerald angol tiszt',21,'tenor');
INSERT INTO szerep (id,szerepnev,muid,hang) VALUES (189,'Frederic angol tiszt',21,'bariton');
INSERT INTO szerep (id,szerepnev,muid,hang) VALUES (190,'Miss Ellen',21,'szoprán');
INSERT INTO szerep (id,szerepnev,muid,hang) VALUES (191,'Miss Rose',21,'mezzoszoprán');
INSERT INTO szerep (id,szerepnev,muid,hang) VALUES (192,'Mrs. Bentson',21,'alt');
INSERT INTO szerep (id,szerepnev,muid,hang) VALUES (193,'Don Fernando',15,'bariton');
INSERT INTO szerep (id,szerepnev,muid,hang) VALUES (194,'Don Pizarro',15,'bariton');
INSERT INTO szerep (id,szerepnev,muid,hang) VALUES (195,'Florestan',15,'tenor');
INSERT INTO szerep (id,szerepnev,muid,hang) VALUES (196,'Leonora',15,'szoprán');
INSERT INTO szerep (id,szerepnev,muid,hang) VALUES (197,'Rocco',15,'basszus');
INSERT INTO szerep (id,szerepnev,muid,hang) VALUES (198,'Marcellina',15,'szoprán');
INSERT INTO szerep (id,szerepnev,muid,hang) VALUES (199,'Jaquino',15,'tenor');
INSERT INTO szerep (id,szerepnev,muid,hang) VALUES (200,'első fogoly',15,'tenor');
INSERT INTO szerep (id,szerepnev,muid,hang) VALUES (201,'második fogoly',15,'basszus');
INSERT INTO szerep (id,szerepnev,muid,hang) VALUES (202,'Hovanszkij Iván herceg',17,'bariton');
INSERT INTO szerep (id,szerepnev,muid,hang) VALUES (203,'Hovanszkij Andrej herceg',17,'tenor');
INSERT INTO szerep (id,szerepnev,muid,hang) VALUES (204,'Golicin Vaszilij herceg',17,'tenor');
INSERT INTO szerep (id,szerepnev,muid,hang) VALUES (205,'Saklovitij',17,'bariton');
INSERT INTO szerep (id,szerepnev,muid,hang) VALUES (206,'Doszifej',17,'basszus');
INSERT INTO szerep (id,szerepnev,muid,hang) VALUES (207,'Marfa',17,'mezzoszoprán');
INSERT INTO szerep (id,szerepnev,muid,hang) VALUES (208,'Emma',17,'szoprán');
INSERT INTO szerep (id,szerepnev,muid,hang) VALUES (209,'egy írnok',17,'tenor');
INSERT INTO szerep (id,szerepnev,muid,hang) VALUES (210,'Varszonovjev',17,'basszus');
INSERT INTO szerep (id,szerepnev,muid,hang) VALUES (211,'Kuzka',17,'bariton');
INSERT INTO szerep (id,szerepnev,muid,hang) VALUES (212,'első sztrelic',17,'basszus');
INSERT INTO szerep (id,szerepnev,muid,hang) VALUES (213,'második sztrelic',17,'basszus');
INSERT INTO szerep (id,szerepnev,muid,hang) VALUES (214,'Santuzza',25,'szoprán');
INSERT INTO szerep (id,szerepnev,muid,hang) VALUES (215,'Turiddu',25,'tenor');
INSERT INTO szerep (id,szerepnev,muid,hang) VALUES (216,'Lucia',25,'alt');
INSERT INTO szerep (id,szerepnev,muid,hang) VALUES (217,'Alfio',25,'bariton');
INSERT INTO szerep (id,szerepnev,muid,hang) VALUES (218,'Lola',25,'mezzoszoprán');
INSERT INTO szerep (id,szerepnev,muid,hang) VALUES (219,'Heródes Antipas',28,'tenor');
INSERT INTO szerep (id,szerepnev,muid,hang) VALUES (220,'Heródiás',28,'mezzoszoprán');
INSERT INTO szerep (id,szerepnev,muid,hang) VALUES (221,'Salome',28,'szoprán');
INSERT INTO szerep (id,szerepnev,muid,hang) VALUES (222,'Jochanaan',28,'bariton');
INSERT INTO szerep (id,szerepnev,muid,hang) VALUES (223,'Narraboth',28,'tenor');
INSERT INTO szerep (id,szerepnev,muid,hang) VALUES (224,'Heródiás apródja',28,'alt');
INSERT INTO szerep (id,szerepnev,muid,hang) VALUES (225,'két nazarénus',28,'tenor');
INSERT INTO szerep (id,szerepnev,muid,hang) VALUES (226,'két katona',28,'basszus');
INSERT INTO szerep (id,szerepnev,muid,hang) VALUES (227,'egy kappadóciai',28,'basszus');
INSERT INTO szerep (id,szerepnev,muid,hang) VALUES (228,'egy rabszolga',28,'mezzoszoprán');
INSERT INTO szerep (id,szerepnev,muid,hang) VALUES (229,'Hans Sachs',5,'bariton');
INSERT INTO szerep (id,szerepnev,muid,hang) VALUES (230,'Veit Pogner',5,'basszus');
INSERT INTO szerep (id,szerepnev,muid,hang) VALUES (231,'Kunz Vogelgesang',5,'tenor');
INSERT INTO szerep (id,szerepnev,muid,hang) VALUES (232,'Konrad Nachtigall',5,'basszus');
INSERT INTO szerep (id,szerepnev,muid,hang) VALUES (233,'városi írnok',5,'bariton');
INSERT INTO szerep (id,szerepnev,muid,hang) VALUES (234,'Fritz Kothner',5,'basszus');
INSERT INTO szerep (id,szerepnev,muid,hang) VALUES (235,'Balthasar Zorn',5,'tenor');
INSERT INTO szerep (id,szerepnev,muid,hang) VALUES (236,'Ulrich Eisslinger',5,'tenor');
INSERT INTO szerep (id,szerepnev,muid,hang) VALUES (237,'Augustin Moser',5,'tenor');
INSERT INTO szerep (id,szerepnev,muid,hang) VALUES (238,'Hermann Ortel',5,'basszus');
INSERT INTO szerep (id,szerepnev,muid,hang) VALUES (239,'Hans Schwarz',5,'basszus');
INSERT INTO szerep (id,szerepnev,muid,hang) VALUES (240,'Hans Foltz',5,'basszus');
INSERT INTO szerep (id,szerepnev,muid,hang) VALUES (241,'fiatal Frank lovag',5,'tenor');
INSERT INTO szerep (id,szerepnev,muid,hang) VALUES (242,'Dávid',5,'tenor');
INSERT INTO szerep (id,szerepnev,muid,hang) VALUES (243,'Éva',5,'szoprán');
INSERT INTO szerep (id,szerepnev,muid,hang) VALUES (244,'Magdalena',5,'mezzoszoprán');
INSERT INTO szerep (id,szerepnev,muid,hang) VALUES (245,'éjjeli őr',5,'basszus');
INSERT INTO szerep (id,szerepnev,muid,hang) VALUES (246,'Siegmund',8,'tenor');
INSERT INTO szerep (id,szerepnev,muid,hang) VALUES (247,'Hunding',8,'basszus');
INSERT INTO szerep (id,szerepnev,muid,hang) VALUES (248,'Wotan',8,'basszus');
INSERT INTO szerep (id,szerepnev,muid,hang) VALUES (249,'Sieglinde',8,'szoprán');
INSERT INTO szerep (id,szerepnev,muid,hang) VALUES (250,'Brünnhilde',8,'szoprán');
INSERT INTO szerep (id,szerepnev,muid,hang) VALUES (251,'Fricka',8,'mezzoszoprán');
INSERT INTO szerep (id,szerepnev,muid,hang) VALUES (252,'Madarász Henrik',23,'basszus');
INSERT INTO szerep (id,szerepnev,muid,hang) VALUES (253,'Lohengrin',23,'tenor');
INSERT INTO szerep (id,szerepnev,muid,hang) VALUES (254,'Brabanti Elza',23,'szoprán');
INSERT INTO szerep (id,szerepnev,muid,hang) VALUES (255,'Friedrich Von Telramund',23,'bariton');
INSERT INTO szerep (id,szerepnev,muid,hang) VALUES (256,'Ortrud',23,'szoprán');
INSERT INTO szerep (id,szerepnev,muid,hang) VALUES (257,'a király hirdetője',23,'bariton');
INSERT INTO szerep (id,szerepnev,muid,hang) VALUES (258,'Treff király',3,'basszus');
INSERT INTO szerep (id,szerepnev,muid,hang) VALUES (259,'a herceg',3,'tenor');
INSERT INTO szerep (id,szerepnev,muid,hang) VALUES (260,'Clarice hercegnő',3,'alt');
INSERT INTO szerep (id,szerepnev,muid,hang) VALUES (261,'Leander kancellár (Pikk király)',3,'bariton');
INSERT INTO szerep (id,szerepnev,muid,hang) VALUES (262,'Truffaldino',3,'tenor');
INSERT INTO szerep (id,szerepnev,muid,hang) VALUES (263,'Pantalon',3,'bariton');
INSERT INTO szerep (id,szerepnev,muid,hang) VALUES (264,'Celio varázsló',3,'basszus');
INSERT INTO szerep (id,szerepnev,muid,hang) VALUES (265,'Fata Morgana varázslónő',3,'szoprán');
INSERT INTO szerep (id,szerepnev,muid,hang) VALUES (266,'Linetta',3,'alt');
INSERT INTO szerep (id,szerepnev,muid,hang) VALUES (267,'Nicoletta',3,'mezzoszoprán');
INSERT INTO szerep (id,szerepnev,muid,hang) VALUES (268,'Ninetta',3,'szoprán');
INSERT INTO szerep (id,szerepnev,muid,hang) VALUES (269,'a szakácsnő',3,'basszus');
INSERT INTO szerep (id,szerepnev,muid,hang) VALUES (270,'Farfarello',3,'basszus');
INSERT INTO szerep (id,szerepnev,muid,hang) VALUES (271,'Smeraldine',3,'mezzoszoprán');
INSERT INTO szerep (id,szerepnev,muid,hang) VALUES (272,'ceremóniamester',3,'tenor');
INSERT INTO szerep (id,szerepnev,muid,hang) VALUES (273,'hírnök',3,'basszus');
INSERT INTO szerep (id,szerepnev,muid,hang) VALUES (274,'Sarastro',7,'basszus');
INSERT INTO szerep (id,szerepnev,muid,hang) VALUES (275,'Tamino',7,'tenor');
INSERT INTO szerep (id,szerepnev,muid,hang) VALUES (276,'öreg pap',7,'basszus');
INSERT INTO szerep (id,szerepnev,muid,hang) VALUES (277,'második pap',7,'tenor');
INSERT INTO szerep (id,szerepnev,muid,hang) VALUES (278,'az éj királynője',7,'szoprán');
INSERT INTO szerep (id,szerepnev,muid,hang) VALUES (279,'Pamina',7,'szoprán');
INSERT INTO szerep (id,szerepnev,muid,hang) VALUES (280,'első hölgy',7,'szoprán');
INSERT INTO szerep (id,szerepnev,muid,hang) VALUES (281,'második hölgy',7,'mezzoszoprán');
INSERT INTO szerep (id,szerepnev,muid,hang) VALUES (282,'harmadik hölgy',7,'alt');
INSERT INTO szerep (id,szerepnev,muid,hang) VALUES (283,'Papageno',7,'basszus');
INSERT INTO szerep (id,szerepnev,muid,hang) VALUES (284,'Papagena',7,'szoprán');
INSERT INTO szerep (id,szerepnev,muid,hang) VALUES (285,'Monostatos',7,'tenor');
INSERT INTO szerep (id,szerepnev,muid,hang) VALUES (286,'első fiú',7,'szoprán');
INSERT INTO szerep (id,szerepnev,muid,hang) VALUES (287,'második fiú',7,'mezzoszoprán');
INSERT INTO szerep (id,szerepnev,muid,hang) VALUES (288,'harmadik fiú',7,'alt');
INSERT INTO szerep (id,szerepnev,muid,hang) VALUES (289,'első őrtálló',7,'tenor');
INSERT INTO szerep (id,szerepnev,muid,hang) VALUES (290,'második őrtálló',7,'basszus');
INSERT INTO szerep (id,szerepnev,muid,hang) VALUES (291,'Don Juan',13,'bariton');
INSERT INTO szerep (id,szerepnev,muid,hang) VALUES (292,'a kormányzó',13,'basszus');
INSERT INTO szerep (id,szerepnev,muid,hang) VALUES (293,'Donna Anna',13,'szoprán');
INSERT INTO szerep (id,szerepnev,muid,hang) VALUES (294,'Don Ottavio',13,'tenor');
INSERT INTO szerep (id,szerepnev,muid,hang) VALUES (295,'Donna Elvira',13,'mezzoszoprán');
INSERT INTO szerep (id,szerepnev,muid,hang) VALUES (296,'Leporello',13,'basszus');
INSERT INTO szerep (id,szerepnev,muid,hang) VALUES (297,'Masetto',13,'basszus');
INSERT INTO szerep (id,szerepnev,muid,hang) VALUES (298,'Zerlina',13,'szoprán');
INSERT INTO szerep (id,szerepnev,muid,hang) VALUES (299,'Don José',31,'tenor');
INSERT INTO szerep (id,szerepnev,muid,hang) VALUES (300,'Escamillo',31,'bariton');
INSERT INTO szerep (id,szerepnev,muid,hang) VALUES (301,'Carmen',31,'mezzoszoprán');
INSERT INTO szerep (id,szerepnev,muid,hang) VALUES (302,'Zuniga',31,'basszus');
INSERT INTO szerep (id,szerepnev,muid,hang) VALUES (303,'Morales',31,'bariton');
INSERT INTO szerep (id,szerepnev,muid,hang) VALUES (304,'Mercedes',31,'mezzoszoprán');
INSERT INTO szerep (id,szerepnev,muid,hang) VALUES (305,'Andrés',31,'tenor');

INSERT INTO repertoar (enekesid,szerepid,utoljara) VALUES (1,34,2002);
INSERT INTO repertoar (enekesid,szerepid,utoljara) VALUES (1,84,2001);
INSERT INTO repertoar (enekesid,szerepid,utoljara) VALUES (1,220,1996);
INSERT INTO repertoar (enekesid,szerepid,utoljara) VALUES (2,54,2003);
INSERT INTO repertoar (enekesid,szerepid,utoljara) VALUES (2,152,2004);
INSERT INTO repertoar (enekesid,szerepid,utoljara) VALUES (2,159,1991);
INSERT INTO repertoar (enekesid,szerepid,utoljara) VALUES (2,182,2004);
INSERT INTO repertoar (enekesid,szerepid,utoljara) VALUES (2,222,1992);
INSERT INTO repertoar (enekesid,szerepid,utoljara) VALUES (3,83,1998);
INSERT INTO repertoar (enekesid,szerepid,utoljara) VALUES (3,295,1985);
INSERT INTO repertoar (enekesid,szerepid,utoljara) VALUES (4,76,1982);
INSERT INTO repertoar (enekesid,szerepid,utoljara) VALUES (4,244,2000);
INSERT INTO repertoar (enekesid,szerepid,utoljara) VALUES (5,153,1999);
INSERT INTO repertoar (enekesid,szerepid,utoljara) VALUES (5,297,2004);
INSERT INTO repertoar (enekesid,szerepid,utoljara) VALUES (6,86,2004);
INSERT INTO repertoar (enekesid,szerepid,utoljara) VALUES (7,37,1998);
INSERT INTO repertoar (enekesid,szerepid,utoljara) VALUES (7,74,2004);
INSERT INTO repertoar (enekesid,szerepid,utoljara) VALUES (8,174,2004);
INSERT INTO repertoar (enekesid,szerepid,utoljara) VALUES (9,19,1991);
INSERT INTO repertoar (enekesid,szerepid,utoljara) VALUES (9,168,1962);
INSERT INTO repertoar (enekesid,szerepid,utoljara) VALUES (9,186,1992);
INSERT INTO repertoar (enekesid,szerepid,utoljara) VALUES (9,220,1991);
INSERT INTO repertoar (enekesid,szerepid,utoljara) VALUES (10,128,2004);
INSERT INTO repertoar (enekesid,szerepid,utoljara) VALUES (11,216,2002);
INSERT INTO repertoar (enekesid,szerepid,utoljara) VALUES (11,260,1987);
INSERT INTO repertoar (enekesid,szerepid,utoljara) VALUES (11,266,1979);
INSERT INTO repertoar (enekesid,szerepid,utoljara) VALUES (12,150,1998);
INSERT INTO repertoar (enekesid,szerepid,utoljara) VALUES (12,288,1991);
INSERT INTO repertoar (enekesid,szerepid,utoljara) VALUES (13,265,1984);
INSERT INTO repertoar (enekesid,szerepid,utoljara) VALUES (13,284,1993);
INSERT INTO repertoar (enekesid,szerepid,utoljara) VALUES (14,8,1978);
INSERT INTO repertoar (enekesid,szerepid,utoljara) VALUES (14,159,1981);
INSERT INTO repertoar (enekesid,szerepid,utoljara) VALUES (14,189,1974);
INSERT INTO repertoar (enekesid,szerepid,utoljara) VALUES (14,233,1985);
INSERT INTO repertoar (enekesid,szerepid,utoljara) VALUES (14,300,1979);
INSERT INTO repertoar (enekesid,szerepid,utoljara) VALUES (15,55,1984);
INSERT INTO repertoar (enekesid,szerepid,utoljara) VALUES (15,58,1993);
INSERT INTO repertoar (enekesid,szerepid,utoljara) VALUES (15,103,1996);
INSERT INTO repertoar (enekesid,szerepid,utoljara) VALUES (15,154,1991);
INSERT INTO repertoar (enekesid,szerepid,utoljara) VALUES (15,246,1981);
INSERT INTO repertoar (enekesid,szerepid,utoljara) VALUES (15,262,1979);
INSERT INTO repertoar (enekesid,szerepid,utoljara) VALUES (16,13,2002);
INSERT INTO repertoar (enekesid,szerepid,utoljara) VALUES (16,282,2004);
INSERT INTO repertoar (enekesid,szerepid,utoljara) VALUES (16,288,2001);
INSERT INTO repertoar (enekesid,szerepid,utoljara) VALUES (17,13,1994);
INSERT INTO repertoar (enekesid,szerepid,utoljara) VALUES (17,52,1991);
INSERT INTO repertoar (enekesid,szerepid,utoljara) VALUES (17,150,1999);
INSERT INTO repertoar (enekesid,szerepid,utoljara) VALUES (17,192,2003);
INSERT INTO repertoar (enekesid,szerepid,utoljara) VALUES (17,216,2002);
INSERT INTO repertoar (enekesid,szerepid,utoljara) VALUES (17,282,1994);
INSERT INTO repertoar (enekesid,szerepid,utoljara) VALUES (17,288,1971);
INSERT INTO repertoar (enekesid,szerepid,utoljara) VALUES (18,19,2000);
INSERT INTO repertoar (enekesid,szerepid,utoljara) VALUES (19,46,1994);
INSERT INTO repertoar (enekesid,szerepid,utoljara) VALUES (19,134,1981);
INSERT INTO repertoar (enekesid,szerepid,utoljara) VALUES (19,228,1981);
INSERT INTO repertoar (enekesid,szerepid,utoljara) VALUES (19,304,2000);
INSERT INTO repertoar (enekesid,szerepid,utoljara) VALUES (20,11,2004);
INSERT INTO repertoar (enekesid,szerepid,utoljara) VALUES (20,12,2004);
INSERT INTO repertoar (enekesid,szerepid,utoljara) VALUES (20,29,2004);
INSERT INTO repertoar (enekesid,szerepid,utoljara) VALUES (20,68,2004);
INSERT INTO repertoar (enekesid,szerepid,utoljara) VALUES (20,226,2004);
INSERT INTO repertoar (enekesid,szerepid,utoljara) VALUES (20,240,2004);
INSERT INTO repertoar (enekesid,szerepid,utoljara) VALUES (20,245,2004);
INSERT INTO repertoar (enekesid,szerepid,utoljara) VALUES (20,258,2004);
INSERT INTO repertoar (enekesid,szerepid,utoljara) VALUES (20,270,2004);
INSERT INTO repertoar (enekesid,szerepid,utoljara) VALUES (21,97,1983);
INSERT INTO repertoar (enekesid,szerepid,utoljara) VALUES (21,166,1968);
INSERT INTO repertoar (enekesid,szerepid,utoljara) VALUES (21,185,1986);
INSERT INTO repertoar (enekesid,szerepid,utoljara) VALUES (21,208,1981);
INSERT INTO repertoar (enekesid,szerepid,utoljara) VALUES (21,214,2000);
INSERT INTO repertoar (enekesid,szerepid,utoljara) VALUES (21,249,1983);
INSERT INTO repertoar (enekesid,szerepid,utoljara) VALUES (21,280,1970);
INSERT INTO repertoar (enekesid,szerepid,utoljara) VALUES (22,17,2003);
INSERT INTO repertoar (enekesid,szerepid,utoljara) VALUES (22,244,2003);
INSERT INTO repertoar (enekesid,szerepid,utoljara) VALUES (22,251,2003);
INSERT INTO repertoar (enekesid,szerepid,utoljara) VALUES (23,150,2004);
INSERT INTO repertoar (enekesid,szerepid,utoljara) VALUES (23,224,2004);
INSERT INTO repertoar (enekesid,szerepid,utoljara) VALUES (24,20,1998);
INSERT INTO repertoar (enekesid,szerepid,utoljara) VALUES (24,152,2003);
INSERT INTO repertoar (enekesid,szerepid,utoljara) VALUES (24,202,1994);
INSERT INTO repertoar (enekesid,szerepid,utoljara) VALUES (25,263,1997);
INSERT INTO repertoar (enekesid,szerepid,utoljara) VALUES (26,150,1998);
INSERT INTO repertoar (enekesid,szerepid,utoljara) VALUES (26,260,1999);
INSERT INTO repertoar (enekesid,szerepid,utoljara) VALUES (26,282,1998);
INSERT INTO repertoar (enekesid,szerepid,utoljara) VALUES (26,288,2004);
INSERT INTO repertoar (enekesid,szerepid,utoljara) VALUES (27,14,2001);
INSERT INTO repertoar (enekesid,szerepid,utoljara) VALUES (27,38,1994);
INSERT INTO repertoar (enekesid,szerepid,utoljara) VALUES (27,55,1995);
INSERT INTO repertoar (enekesid,szerepid,utoljara) VALUES (27,88,1998);
INSERT INTO repertoar (enekesid,szerepid,utoljara) VALUES (27,122,2002);
INSERT INTO repertoar (enekesid,szerepid,utoljara) VALUES (27,129,1996);
INSERT INTO repertoar (enekesid,szerepid,utoljara) VALUES (27,135,1999);
INSERT INTO repertoar (enekesid,szerepid,utoljara) VALUES (27,177,1992);
INSERT INTO repertoar (enekesid,szerepid,utoljara) VALUES (27,231,1995);
INSERT INTO repertoar (enekesid,szerepid,utoljara) VALUES (27,236,1993);
INSERT INTO repertoar (enekesid,szerepid,utoljara) VALUES (27,242,1997);
INSERT INTO repertoar (enekesid,szerepid,utoljara) VALUES (28,196,1997);
INSERT INTO repertoar (enekesid,szerepid,utoljara) VALUES (29,154,1995);
INSERT INTO repertoar (enekesid,szerepid,utoljara) VALUES (29,163,1991);
INSERT INTO repertoar (enekesid,szerepid,utoljara) VALUES (29,204,1972);
INSERT INTO repertoar (enekesid,szerepid,utoljara) VALUES (29,236,1989);
INSERT INTO repertoar (enekesid,szerepid,utoljara) VALUES (29,241,1976);
INSERT INTO repertoar (enekesid,szerepid,utoljara) VALUES (29,262,1971);
INSERT INTO repertoar (enekesid,szerepid,utoljara) VALUES (30,35,1980);
INSERT INTO repertoar (enekesid,szerepid,utoljara) VALUES (30,112,2004);
INSERT INTO repertoar (enekesid,szerepid,utoljara) VALUES (30,300,1973);
INSERT INTO repertoar (enekesid,szerepid,utoljara) VALUES (31,224,2004);
INSERT INTO repertoar (enekesid,szerepid,utoljara) VALUES (31,260,1996);
INSERT INTO repertoar (enekesid,szerepid,utoljara) VALUES (31,282,1975);
INSERT INTO repertoar (enekesid,szerepid,utoljara) VALUES (32,34,1986);
INSERT INTO repertoar (enekesid,szerepid,utoljara) VALUES (32,116,1985);
INSERT INTO repertoar (enekesid,szerepid,utoljara) VALUES (32,146,2002);
INSERT INTO repertoar (enekesid,szerepid,utoljara) VALUES (32,167,2004);
INSERT INTO repertoar (enekesid,szerepid,utoljara) VALUES (32,287,1996);
INSERT INTO repertoar (enekesid,szerepid,utoljara) VALUES (33,19,2005);
INSERT INTO repertoar (enekesid,szerepid,utoljara) VALUES (33,46,2005);
INSERT INTO repertoar (enekesid,szerepid,utoljara) VALUES (33,76,2005);
INSERT INTO repertoar (enekesid,szerepid,utoljara) VALUES (33,167,2005);
INSERT INTO repertoar (enekesid,szerepid,utoljara) VALUES (33,251,2005);
INSERT INTO repertoar (enekesid,szerepid,utoljara) VALUES (33,271,2005);
INSERT INTO repertoar (enekesid,szerepid,utoljara) VALUES (33,295,2005);
INSERT INTO repertoar (enekesid,szerepid,utoljara) VALUES (33,301,2005);
INSERT INTO repertoar (enekesid,szerepid,utoljara) VALUES (34,19,1970);
INSERT INTO repertoar (enekesid,szerepid,utoljara) VALUES (34,134,1991);
INSERT INTO repertoar (enekesid,szerepid,utoljara) VALUES (34,207,1982);
INSERT INTO repertoar (enekesid,szerepid,utoljara) VALUES (34,295,1979);
INSERT INTO repertoar (enekesid,szerepid,utoljara) VALUES (34,304,1990);
INSERT INTO repertoar (enekesid,szerepid,utoljara) VALUES (35,8,2004);
INSERT INTO repertoar (enekesid,szerepid,utoljara) VALUES (35,257,1980);
INSERT INTO repertoar (enekesid,szerepid,utoljara) VALUES (36,19,1993);
INSERT INTO repertoar (enekesid,szerepid,utoljara) VALUES (36,167,1997);
INSERT INTO repertoar (enekesid,szerepid,utoljara) VALUES (37,267,1981);
INSERT INTO repertoar (enekesid,szerepid,utoljara) VALUES (38,52,2001);
INSERT INTO repertoar (enekesid,szerepid,utoljara) VALUES (38,121,2002);
INSERT INTO repertoar (enekesid,szerepid,utoljara) VALUES (38,150,2003);
INSERT INTO repertoar (enekesid,szerepid,utoljara) VALUES (38,216,2004);
INSERT INTO repertoar (enekesid,szerepid,utoljara) VALUES (38,224,1997);
INSERT INTO repertoar (enekesid,szerepid,utoljara) VALUES (38,266,1992);
INSERT INTO repertoar (enekesid,szerepid,utoljara) VALUES (38,282,2000);
INSERT INTO repertoar (enekesid,szerepid,utoljara) VALUES (39,99,2005);
INSERT INTO repertoar (enekesid,szerepid,utoljara) VALUES (40,13,1995);
INSERT INTO repertoar (enekesid,szerepid,utoljara) VALUES (40,52,1982);
INSERT INTO repertoar (enekesid,szerepid,utoljara) VALUES (40,67,1990);
INSERT INTO repertoar (enekesid,szerepid,utoljara) VALUES (40,121,1995);
INSERT INTO repertoar (enekesid,szerepid,utoljara) VALUES (40,192,1984);
INSERT INTO repertoar (enekesid,szerepid,utoljara) VALUES (40,224,1993);
INSERT INTO repertoar (enekesid,szerepid,utoljara) VALUES (40,266,2004);
INSERT INTO repertoar (enekesid,szerepid,utoljara) VALUES (40,282,1986);
INSERT INTO repertoar (enekesid,szerepid,utoljara) VALUES (40,288,1995);
INSERT INTO repertoar (enekesid,szerepid,utoljara) VALUES (41,35,2004);
INSERT INTO repertoar (enekesid,szerepid,utoljara) VALUES (41,40,2004);
INSERT INTO repertoar (enekesid,szerepid,utoljara) VALUES (41,44,2004);
INSERT INTO repertoar (enekesid,szerepid,utoljara) VALUES (41,45,2004);
INSERT INTO repertoar (enekesid,szerepid,utoljara) VALUES (41,49,2004);
INSERT INTO repertoar (enekesid,szerepid,utoljara) VALUES (41,60,2004);
INSERT INTO repertoar (enekesid,szerepid,utoljara) VALUES (41,63,2004);
INSERT INTO repertoar (enekesid,szerepid,utoljara) VALUES (41,71,2004);
INSERT INTO repertoar (enekesid,szerepid,utoljara) VALUES (41,80,2004);
INSERT INTO repertoar (enekesid,szerepid,utoljara) VALUES (41,91,2004);
INSERT INTO repertoar (enekesid,szerepid,utoljara) VALUES (41,94,2004);
INSERT INTO repertoar (enekesid,szerepid,utoljara) VALUES (41,95,2004);
INSERT INTO repertoar (enekesid,szerepid,utoljara) VALUES (41,117,2004);
INSERT INTO repertoar (enekesid,szerepid,utoljara) VALUES (41,130,2004);
INSERT INTO repertoar (enekesid,szerepid,utoljara) VALUES (41,202,2004);
INSERT INTO repertoar (enekesid,szerepid,utoljara) VALUES (41,217,2004);
INSERT INTO repertoar (enekesid,szerepid,utoljara) VALUES (41,291,2004);
INSERT INTO repertoar (enekesid,szerepid,utoljara) VALUES (41,300,2004);
INSERT INTO repertoar (enekesid,szerepid,utoljara) VALUES (42,121,1978);
INSERT INTO repertoar (enekesid,szerepid,utoljara) VALUES (42,282,1987);
INSERT INTO repertoar (enekesid,szerepid,utoljara) VALUES (43,11,1972);
INSERT INTO repertoar (enekesid,szerepid,utoljara) VALUES (43,173,2003);
INSERT INTO repertoar (enekesid,szerepid,utoljara) VALUES (44,13,2004);
INSERT INTO repertoar (enekesid,szerepid,utoljara) VALUES (44,67,2002);
INSERT INTO repertoar (enekesid,szerepid,utoljara) VALUES (44,216,1999);
INSERT INTO repertoar (enekesid,szerepid,utoljara) VALUES (45,42,1983);
INSERT INTO repertoar (enekesid,szerepid,utoljara) VALUES (45,68,1982);
INSERT INTO repertoar (enekesid,szerepid,utoljara) VALUES (45,102,1994);
INSERT INTO repertoar (enekesid,szerepid,utoljara) VALUES (45,118,2000);
INSERT INTO repertoar (enekesid,szerepid,utoljara) VALUES (45,148,2002);
INSERT INTO repertoar (enekesid,szerepid,utoljara) VALUES (45,212,2000);
INSERT INTO repertoar (enekesid,szerepid,utoljara) VALUES (45,273,1989);
INSERT INTO repertoar (enekesid,szerepid,utoljara) VALUES (46,67,1990);
INSERT INTO repertoar (enekesid,szerepid,utoljara) VALUES (46,150,1998);
INSERT INTO repertoar (enekesid,szerepid,utoljara) VALUES (46,260,1983);
INSERT INTO repertoar (enekesid,szerepid,utoljara) VALUES (46,282,1977);
INSERT INTO repertoar (enekesid,szerepid,utoljara) VALUES (47,286,2003);
INSERT INTO repertoar (enekesid,szerepid,utoljara) VALUES (48,164,2002);
INSERT INTO repertoar (enekesid,szerepid,utoljara) VALUES (48,254,1986);
INSERT INTO repertoar (enekesid,szerepid,utoljara) VALUES (48,298,1960);
INSERT INTO repertoar (enekesid,szerepid,utoljara) VALUES (49,167,1999);
INSERT INTO repertoar (enekesid,szerepid,utoljara) VALUES (49,168,2003);
INSERT INTO repertoar (enekesid,szerepid,utoljara) VALUES (49,191,2002);
INSERT INTO repertoar (enekesid,szerepid,utoljara) VALUES (49,271,2001);
INSERT INTO repertoar (enekesid,szerepid,utoljara) VALUES (50,64,2005);
INSERT INTO repertoar (enekesid,szerepid,utoljara) VALUES (50,259,2005);
INSERT INTO repertoar (enekesid,szerepid,utoljara) VALUES (51,60,2006);
INSERT INTO repertoar (enekesid,szerepid,utoljara) VALUES (51,255,2006);
INSERT INTO repertoar (enekesid,szerepid,utoljara) VALUES (51,257,2006);
INSERT INTO repertoar (enekesid,szerepid,utoljara) VALUES (52,218,1985);
INSERT INTO repertoar (enekesid,szerepid,utoljara) VALUES (53,301,2000);
INSERT INTO repertoar (enekesid,szerepid,utoljara) VALUES (54,34,1982);
INSERT INTO repertoar (enekesid,szerepid,utoljara) VALUES (54,191,1999);
INSERT INTO repertoar (enekesid,szerepid,utoljara) VALUES (54,267,1984);
INSERT INTO repertoar (enekesid,szerepid,utoljara) VALUES (54,281,1989);
INSERT INTO repertoar (enekesid,szerepid,utoljara) VALUES (54,295,1982);
INSERT INTO repertoar (enekesid,szerepid,utoljara) VALUES (54,301,1983);
INSERT INTO repertoar (enekesid,szerepid,utoljara) VALUES (55,148,2003);
INSERT INTO repertoar (enekesid,szerepid,utoljara) VALUES (56,39,2005);
INSERT INTO repertoar (enekesid,szerepid,utoljara) VALUES (56,59,2005);
INSERT INTO repertoar (enekesid,szerepid,utoljara) VALUES (56,254,2005);
INSERT INTO repertoar (enekesid,szerepid,utoljara) VALUES (56,268,2005);
INSERT INTO repertoar (enekesid,szerepid,utoljara) VALUES (57,216,2004);
INSERT INTO repertoar (enekesid,szerepid,utoljara) VALUES (58,26,1999);
INSERT INTO repertoar (enekesid,szerepid,utoljara) VALUES (58,62,1966);
INSERT INTO repertoar (enekesid,szerepid,utoljara) VALUES (58,115,1973);
INSERT INTO repertoar (enekesid,szerepid,utoljara) VALUES (58,161,1974);
INSERT INTO repertoar (enekesid,szerepid,utoljara) VALUES (58,248,1995);
INSERT INTO repertoar (enekesid,szerepid,utoljara) VALUES (58,297,1974);
INSERT INTO repertoar (enekesid,szerepid,utoljara) VALUES (59,67,1980);
INSERT INTO repertoar (enekesid,szerepid,utoljara) VALUES (59,121,1999);
INSERT INTO repertoar (enekesid,szerepid,utoljara) VALUES (59,260,1980);
INSERT INTO repertoar (enekesid,szerepid,utoljara) VALUES (59,266,1980);
INSERT INTO repertoar (enekesid,szerepid,utoljara) VALUES (59,282,1983);
INSERT INTO repertoar (enekesid,szerepid,utoljara) VALUES (60,21,2001);
INSERT INTO repertoar (enekesid,szerepid,utoljara) VALUES (60,178,1993);
INSERT INTO repertoar (enekesid,szerepid,utoljara) VALUES (61,53,1990);
INSERT INTO repertoar (enekesid,szerepid,utoljara) VALUES (61,82,2003);
INSERT INTO repertoar (enekesid,szerepid,utoljara) VALUES (61,139,1990);
INSERT INTO repertoar (enekesid,szerepid,utoljara) VALUES (61,143,1986);
INSERT INTO repertoar (enekesid,szerepid,utoljara) VALUES (61,214,1990);
INSERT INTO repertoar (enekesid,szerepid,utoljara) VALUES (61,243,1978);
INSERT INTO repertoar (enekesid,szerepid,utoljara) VALUES (61,298,1992);
INSERT INTO repertoar (enekesid,szerepid,utoljara) VALUES (62,83,2003);
INSERT INTO repertoar (enekesid,szerepid,utoljara) VALUES (62,134,1999);
INSERT INTO repertoar (enekesid,szerepid,utoljara) VALUES (62,168,1998);
INSERT INTO repertoar (enekesid,szerepid,utoljara) VALUES (62,301,2000);
INSERT INTO repertoar (enekesid,szerepid,utoljara) VALUES (63,124,2001);
INSERT INTO repertoar (enekesid,szerepid,utoljara) VALUES (64,224,1971);
INSERT INTO repertoar (enekesid,szerepid,utoljara) VALUES (65,34,1985);
INSERT INTO repertoar (enekesid,szerepid,utoljara) VALUES (65,120,1976);
INSERT INTO repertoar (enekesid,szerepid,utoljara) VALUES (65,251,2001);
INSERT INTO repertoar (enekesid,szerepid,utoljara) VALUES (65,301,1981);
INSERT INTO repertoar (enekesid,szerepid,utoljara) VALUES (66,16,2006);
INSERT INTO repertoar (enekesid,szerepid,utoljara) VALUES (66,87,2006);
INSERT INTO repertoar (enekesid,szerepid,utoljara) VALUES (66,88,2006);
INSERT INTO repertoar (enekesid,szerepid,utoljara) VALUES (66,101,2006);
INSERT INTO repertoar (enekesid,szerepid,utoljara) VALUES (66,144,2006);
INSERT INTO repertoar (enekesid,szerepid,utoljara) VALUES (66,253,2006);
INSERT INTO repertoar (enekesid,szerepid,utoljara) VALUES (67,26,2003);
INSERT INTO repertoar (enekesid,szerepid,utoljara) VALUES (67,42,1987);
INSERT INTO repertoar (enekesid,szerepid,utoljara) VALUES (67,68,2002);
INSERT INTO repertoar (enekesid,szerepid,utoljara) VALUES (67,89,1973);
INSERT INTO repertoar (enekesid,szerepid,utoljara) VALUES (67,100,1984);
INSERT INTO repertoar (enekesid,szerepid,utoljara) VALUES (67,131,1993);
INSERT INTO repertoar (enekesid,szerepid,utoljara) VALUES (67,172,2004);
INSERT INTO repertoar (enekesid,szerepid,utoljara) VALUES (67,232,1978);
INSERT INTO repertoar (enekesid,szerepid,utoljara) VALUES (67,239,1987);
INSERT INTO repertoar (enekesid,szerepid,utoljara) VALUES (67,264,1988);
INSERT INTO repertoar (enekesid,szerepid,utoljara) VALUES (67,273,1970);
INSERT INTO repertoar (enekesid,szerepid,utoljara) VALUES (67,274,1987);
INSERT INTO repertoar (enekesid,szerepid,utoljara) VALUES (67,290,1992);
INSERT INTO repertoar (enekesid,szerepid,utoljara) VALUES (68,32,1984);
INSERT INTO repertoar (enekesid,szerepid,utoljara) VALUES (68,61,2001);
INSERT INTO repertoar (enekesid,szerepid,utoljara) VALUES (68,254,1990);
INSERT INTO repertoar (enekesid,szerepid,utoljara) VALUES (68,279,1979);
INSERT INTO repertoar (enekesid,szerepid,utoljara) VALUES (68,298,1997);
INSERT INTO repertoar (enekesid,szerepid,utoljara) VALUES (69,13,1994);
INSERT INTO repertoar (enekesid,szerepid,utoljara) VALUES (69,121,1990);
INSERT INTO repertoar (enekesid,szerepid,utoljara) VALUES (69,192,1983);
INSERT INTO repertoar (enekesid,szerepid,utoljara) VALUES (69,216,1991);
INSERT INTO repertoar (enekesid,szerepid,utoljara) VALUES (69,266,1987);
INSERT INTO repertoar (enekesid,szerepid,utoljara) VALUES (69,288,2002);
INSERT INTO repertoar (enekesid,szerepid,utoljara) VALUES (70,17,1990);
INSERT INTO repertoar (enekesid,szerepid,utoljara) VALUES (70,76,2004);
INSERT INTO repertoar (enekesid,szerepid,utoljara) VALUES (70,83,1997);
INSERT INTO repertoar (enekesid,szerepid,utoljara) VALUES (70,116,1994);
INSERT INTO repertoar (enekesid,szerepid,utoljara) VALUES (70,207,2003);
INSERT INTO repertoar (enekesid,szerepid,utoljara) VALUES (70,244,1999);
INSERT INTO repertoar (enekesid,szerepid,utoljara) VALUES (70,267,1987);
INSERT INTO repertoar (enekesid,szerepid,utoljara) VALUES (70,287,1984);
INSERT INTO repertoar (enekesid,szerepid,utoljara) VALUES (71,8,1994);
INSERT INTO repertoar (enekesid,szerepid,utoljara) VALUES (71,27,1993);
INSERT INTO repertoar (enekesid,szerepid,utoljara) VALUES (71,33,1998);
INSERT INTO repertoar (enekesid,szerepid,utoljara) VALUES (71,40,1988);
INSERT INTO repertoar (enekesid,szerepid,utoljara) VALUES (71,41,2001);
INSERT INTO repertoar (enekesid,szerepid,utoljara) VALUES (71,54,2000);
INSERT INTO repertoar (enekesid,szerepid,utoljara) VALUES (71,117,2002);
INSERT INTO repertoar (enekesid,szerepid,utoljara) VALUES (71,141,1999);
INSERT INTO repertoar (enekesid,szerepid,utoljara) VALUES (71,152,1995);
INSERT INTO repertoar (enekesid,szerepid,utoljara) VALUES (71,156,1998);
INSERT INTO repertoar (enekesid,szerepid,utoljara) VALUES (71,211,1993);
INSERT INTO repertoar (enekesid,szerepid,utoljara) VALUES (71,222,2001);
INSERT INTO repertoar (enekesid,szerepid,utoljara) VALUES (71,229,2002);
INSERT INTO repertoar (enekesid,szerepid,utoljara) VALUES (71,303,1996);
INSERT INTO repertoar (enekesid,szerepid,utoljara) VALUES (72,67,1970);
INSERT INTO repertoar (enekesid,szerepid,utoljara) VALUES (72,266,1974);
INSERT INTO repertoar (enekesid,szerepid,utoljara) VALUES (72,282,1972);
INSERT INTO repertoar (enekesid,szerepid,utoljara) VALUES (73,23,2000);
INSERT INTO repertoar (enekesid,szerepid,utoljara) VALUES (73,53,1994);
INSERT INTO repertoar (enekesid,szerepid,utoljara) VALUES (73,198,1994);
INSERT INTO repertoar (enekesid,szerepid,utoljara) VALUES (73,250,1998);
INSERT INTO repertoar (enekesid,szerepid,utoljara) VALUES (73,279,1986);
INSERT INTO repertoar (enekesid,szerepid,utoljara) VALUES (74,102,1976);
INSERT INTO repertoar (enekesid,szerepid,utoljara) VALUES (74,128,2000);
INSERT INTO repertoar (enekesid,szerepid,utoljara) VALUES (74,138,2000);
INSERT INTO repertoar (enekesid,szerepid,utoljara) VALUES (74,178,2004);
INSERT INTO repertoar (enekesid,szerepid,utoljara) VALUES (74,181,1998);
INSERT INTO repertoar (enekesid,szerepid,utoljara) VALUES (75,24,2000);
INSERT INTO repertoar (enekesid,szerepid,utoljara) VALUES (75,42,2001);
INSERT INTO repertoar (enekesid,szerepid,utoljara) VALUES (75,68,1978);
INSERT INTO repertoar (enekesid,szerepid,utoljara) VALUES (75,75,1977);
INSERT INTO repertoar (enekesid,szerepid,utoljara) VALUES (75,89,1983);
INSERT INTO repertoar (enekesid,szerepid,utoljara) VALUES (75,108,1982);
INSERT INTO repertoar (enekesid,szerepid,utoljara) VALUES (75,109,1999);
INSERT INTO repertoar (enekesid,szerepid,utoljara) VALUES (75,148,1999);
INSERT INTO repertoar (enekesid,szerepid,utoljara) VALUES (75,247,1985);
INSERT INTO repertoar (enekesid,szerepid,utoljara) VALUES (75,258,1997);
INSERT INTO repertoar (enekesid,szerepid,utoljara) VALUES (75,269,1997);
INSERT INTO repertoar (enekesid,szerepid,utoljara) VALUES (75,274,1999);
INSERT INTO repertoar (enekesid,szerepid,utoljara) VALUES (75,276,1993);
INSERT INTO repertoar (enekesid,szerepid,utoljara) VALUES (75,290,1976);
INSERT INTO repertoar (enekesid,szerepid,utoljara) VALUES (76,52,1994);
INSERT INTO repertoar (enekesid,szerepid,utoljara) VALUES (76,192,1968);
INSERT INTO repertoar (enekesid,szerepid,utoljara) VALUES (76,266,2001);
INSERT INTO repertoar (enekesid,szerepid,utoljara) VALUES (76,288,1976);
INSERT INTO repertoar (enekesid,szerepid,utoljara) VALUES (77,39,1991);
INSERT INTO repertoar (enekesid,szerepid,utoljara) VALUES (77,57,1964);
INSERT INTO repertoar (enekesid,szerepid,utoljara) VALUES (77,66,1977);
INSERT INTO repertoar (enekesid,szerepid,utoljara) VALUES (77,132,1986);
INSERT INTO repertoar (enekesid,szerepid,utoljara) VALUES (77,137,1966);
INSERT INTO repertoar (enekesid,szerepid,utoljara) VALUES (77,164,1966);
INSERT INTO repertoar (enekesid,szerepid,utoljara) VALUES (77,165,1976);
INSERT INTO repertoar (enekesid,szerepid,utoljara) VALUES (77,196,1996);
INSERT INTO repertoar (enekesid,szerepid,utoljara) VALUES (77,254,1982);
INSERT INTO repertoar (enekesid,szerepid,utoljara) VALUES (77,268,1996);
INSERT INTO repertoar (enekesid,szerepid,utoljara) VALUES (78,99,1995);
INSERT INTO repertoar (enekesid,szerepid,utoljara) VALUES (78,102,2004);
INSERT INTO repertoar (enekesid,szerepid,utoljara) VALUES (78,131,1985);
INSERT INTO repertoar (enekesid,szerepid,utoljara) VALUES (78,138,1991);
INSERT INTO repertoar (enekesid,szerepid,utoljara) VALUES (78,149,1993);
INSERT INTO repertoar (enekesid,szerepid,utoljara) VALUES (78,178,1979);
INSERT INTO repertoar (enekesid,szerepid,utoljara) VALUES (78,234,1969);
INSERT INTO repertoar (enekesid,szerepid,utoljara) VALUES (78,270,1962);
INSERT INTO repertoar (enekesid,szerepid,utoljara) VALUES (79,50,1997);
INSERT INTO repertoar (enekesid,szerepid,utoljara) VALUES (79,111,1993);
INSERT INTO repertoar (enekesid,szerepid,utoljara) VALUES (79,122,2001);
INSERT INTO repertoar (enekesid,szerepid,utoljara) VALUES (79,199,2000);
INSERT INTO repertoar (enekesid,szerepid,utoljara) VALUES (80,88,1992);
INSERT INTO repertoar (enekesid,szerepid,utoljara) VALUES (80,200,1985);
INSERT INTO repertoar (enekesid,szerepid,utoljara) VALUES (80,272,1986);
INSERT INTO repertoar (enekesid,szerepid,utoljara) VALUES (81,46,1983);
INSERT INTO repertoar (enekesid,szerepid,utoljara) VALUES (81,76,1985);
INSERT INTO repertoar (enekesid,szerepid,utoljara) VALUES (81,191,1995);
INSERT INTO repertoar (enekesid,szerepid,utoljara) VALUES (81,287,1982);
INSERT INTO repertoar (enekesid,szerepid,utoljara) VALUES (81,301,1988);
INSERT INTO repertoar (enekesid,szerepid,utoljara) VALUES (82,99,1993);
INSERT INTO repertoar (enekesid,szerepid,utoljara) VALUES (83,46,1992);
INSERT INTO repertoar (enekesid,szerepid,utoljara) VALUES (83,76,2004);
INSERT INTO repertoar (enekesid,szerepid,utoljara) VALUES (83,116,1998);
INSERT INTO repertoar (enekesid,szerepid,utoljara) VALUES (83,120,1995);
INSERT INTO repertoar (enekesid,szerepid,utoljara) VALUES (83,146,1985);
INSERT INTO repertoar (enekesid,szerepid,utoljara) VALUES (83,168,1987);
INSERT INTO repertoar (enekesid,szerepid,utoljara) VALUES (83,186,1998);
INSERT INTO repertoar (enekesid,szerepid,utoljara) VALUES (83,191,2004);
INSERT INTO repertoar (enekesid,szerepid,utoljara) VALUES (83,228,1986);
INSERT INTO repertoar (enekesid,szerepid,utoljara) VALUES (83,287,1989);
INSERT INTO repertoar (enekesid,szerepid,utoljara) VALUES (83,295,1997);
INSERT INTO repertoar (enekesid,szerepid,utoljara) VALUES (84,33,1998);
INSERT INTO repertoar (enekesid,szerepid,utoljara) VALUES (84,48,2000);
INSERT INTO repertoar (enekesid,szerepid,utoljara) VALUES (84,119,1997);
INSERT INTO repertoar (enekesid,szerepid,utoljara) VALUES (84,159,2002);
INSERT INTO repertoar (enekesid,szerepid,utoljara) VALUES (84,193,1998);
INSERT INTO repertoar (enekesid,szerepid,utoljara) VALUES (85,34,2004);
INSERT INTO repertoar (enekesid,szerepid,utoljara) VALUES (85,116,1999);
INSERT INTO repertoar (enekesid,szerepid,utoljara) VALUES (85,134,1993);
INSERT INTO repertoar (enekesid,szerepid,utoljara) VALUES (85,167,2001);
INSERT INTO repertoar (enekesid,szerepid,utoljara) VALUES (85,186,2003);
INSERT INTO repertoar (enekesid,szerepid,utoljara) VALUES (85,207,1998);
INSERT INTO repertoar (enekesid,szerepid,utoljara) VALUES (85,228,1998);
INSERT INTO repertoar (enekesid,szerepid,utoljara) VALUES (85,244,2002);
INSERT INTO repertoar (enekesid,szerepid,utoljara) VALUES (86,14,1975);
INSERT INTO repertoar (enekesid,szerepid,utoljara) VALUES (86,77,1978);
INSERT INTO repertoar (enekesid,szerepid,utoljara) VALUES (86,171,1990);
INSERT INTO repertoar (enekesid,szerepid,utoljara) VALUES (86,200,1968);
INSERT INTO repertoar (enekesid,szerepid,utoljara) VALUES (86,237,1973);
INSERT INTO repertoar (enekesid,szerepid,utoljara) VALUES (86,253,1988);
INSERT INTO repertoar (enekesid,szerepid,utoljara) VALUES (86,285,1999);
INSERT INTO repertoar (enekesid,szerepid,utoljara) VALUES (87,248,1962);
INSERT INTO repertoar (enekesid,szerepid,utoljara) VALUES (88,71,2003);
INSERT INTO repertoar (enekesid,szerepid,utoljara) VALUES (88,106,2004);
INSERT INTO repertoar (enekesid,szerepid,utoljara) VALUES (88,182,2003);
INSERT INTO repertoar (enekesid,szerepid,utoljara) VALUES (88,194,2004);
INSERT INTO repertoar (enekesid,szerepid,utoljara) VALUES (88,211,2004);
INSERT INTO repertoar (enekesid,szerepid,utoljara) VALUES (89,13,1984);
INSERT INTO repertoar (enekesid,szerepid,utoljara) VALUES (89,224,1979);
INSERT INTO repertoar (enekesid,szerepid,utoljara) VALUES (89,260,1992);
INSERT INTO repertoar (enekesid,szerepid,utoljara) VALUES (90,44,2004);
INSERT INTO repertoar (enekesid,szerepid,utoljara) VALUES (90,49,2004);
INSERT INTO repertoar (enekesid,szerepid,utoljara) VALUES (90,56,2004);
INSERT INTO repertoar (enekesid,szerepid,utoljara) VALUES (90,60,2004);
INSERT INTO repertoar (enekesid,szerepid,utoljara) VALUES (90,145,2004);
INSERT INTO repertoar (enekesid,szerepid,utoljara) VALUES (91,214,1993);
INSERT INTO repertoar (enekesid,szerepid,utoljara) VALUES (91,243,2002);
INSERT INTO repertoar (enekesid,szerepid,utoljara) VALUES (91,278,1992);
INSERT INTO repertoar (enekesid,szerepid,utoljara) VALUES (91,298,1997);
INSERT INTO repertoar (enekesid,szerepid,utoljara) VALUES (92,13,1967);
INSERT INTO repertoar (enekesid,szerepid,utoljara) VALUES (92,67,1990);
INSERT INTO repertoar (enekesid,szerepid,utoljara) VALUES (92,150,1989);
INSERT INTO repertoar (enekesid,szerepid,utoljara) VALUES (92,216,1999);
INSERT INTO repertoar (enekesid,szerepid,utoljara) VALUES (92,282,1969);
INSERT INTO repertoar (enekesid,szerepid,utoljara) VALUES (93,59,1992);
INSERT INTO repertoar (enekesid,szerepid,utoljara) VALUES (93,286,1999);
INSERT INTO repertoar (enekesid,szerepid,utoljara) VALUES (94,181,1996);
INSERT INTO repertoar (enekesid,szerepid,utoljara) VALUES (94,201,2004);
INSERT INTO repertoar (enekesid,szerepid,utoljara) VALUES (94,248,1996);
INSERT INTO repertoar (enekesid,szerepid,utoljara) VALUES (94,264,2002);
INSERT INTO repertoar (enekesid,szerepid,utoljara) VALUES (95,19,1990);
INSERT INTO repertoar (enekesid,szerepid,utoljara) VALUES (95,218,1990);
INSERT INTO repertoar (enekesid,szerepid,utoljara) VALUES (95,244,1996);
INSERT INTO repertoar (enekesid,szerepid,utoljara) VALUES (96,84,2003);
INSERT INTO repertoar (enekesid,szerepid,utoljara) VALUES (96,120,2000);
INSERT INTO repertoar (enekesid,szerepid,utoljara) VALUES (96,186,1997);
INSERT INTO repertoar (enekesid,szerepid,utoljara) VALUES (97,148,2004);
INSERT INTO repertoar (enekesid,szerepid,utoljara) VALUES (98,20,1994);
INSERT INTO repertoar (enekesid,szerepid,utoljara) VALUES (98,194,2000);
INSERT INTO repertoar (enekesid,szerepid,utoljara) VALUES (99,52,1959);
INSERT INTO repertoar (enekesid,szerepid,utoljara) VALUES (99,67,1971);
INSERT INTO repertoar (enekesid,szerepid,utoljara) VALUES (99,192,1996);
INSERT INTO repertoar (enekesid,szerepid,utoljara) VALUES (99,260,1999);
INSERT INTO repertoar (enekesid,szerepid,utoljara) VALUES (99,282,1980);
INSERT INTO repertoar (enekesid,szerepid,utoljara) VALUES (99,288,1991);
INSERT INTO repertoar (enekesid,szerepid,utoljara) VALUES (100,198,2004);
INSERT INTO repertoar (enekesid,szerepid,utoljara) VALUES (100,243,2004);
INSERT INTO repertoar (enekesid,szerepid,utoljara) VALUES (101,63,1995);
INSERT INTO repertoar (enekesid,szerepid,utoljara) VALUES (102,267,2001);
INSERT INTO repertoar (enekesid,szerepid,utoljara) VALUES (102,287,1979);
INSERT INTO repertoar (enekesid,szerepid,utoljara) VALUES (103,52,1993);
INSERT INTO repertoar (enekesid,szerepid,utoljara) VALUES (104,8,2004);
INSERT INTO repertoar (enekesid,szerepid,utoljara) VALUES (104,145,2004);
INSERT INTO repertoar (enekesid,szerepid,utoljara) VALUES (105,224,2002);
INSERT INTO repertoar (enekesid,szerepid,utoljara) VALUES (106,148,1990);
INSERT INTO repertoar (enekesid,szerepid,utoljara) VALUES (107,176,2002);
INSERT INTO repertoar (enekesid,szerepid,utoljara) VALUES (107,262,2003);
INSERT INTO repertoar (enekesid,szerepid,utoljara) VALUES (108,303,1999);
INSERT INTO repertoar (enekesid,szerepid,utoljara) VALUES (109,88,2004);
INSERT INTO repertoar (enekesid,szerepid,utoljara) VALUES (109,111,2004);
INSERT INTO repertoar (enekesid,szerepid,utoljara) VALUES (109,129,2004);
INSERT INTO repertoar (enekesid,szerepid,utoljara) VALUES (109,158,2004);
INSERT INTO repertoar (enekesid,szerepid,utoljara) VALUES (109,246,2003);
INSERT INTO repertoar (enekesid,szerepid,utoljara) VALUES (110,100,1987);
INSERT INTO repertoar (enekesid,szerepid,utoljara) VALUES (110,264,1975);
INSERT INTO repertoar (enekesid,szerepid,utoljara) VALUES (111,61,2004);
INSERT INTO repertoar (enekesid,szerepid,utoljara) VALUES (111,98,2004);
INSERT INTO repertoar (enekesid,szerepid,utoljara) VALUES (111,113,2001);
INSERT INTO repertoar (enekesid,szerepid,utoljara) VALUES (111,132,1999);
INSERT INTO repertoar (enekesid,szerepid,utoljara) VALUES (111,137,2003);
INSERT INTO repertoar (enekesid,szerepid,utoljara) VALUES (111,147,2004);
INSERT INTO repertoar (enekesid,szerepid,utoljara) VALUES (111,190,2002);
INSERT INTO repertoar (enekesid,szerepid,utoljara) VALUES (111,196,2004);
INSERT INTO repertoar (enekesid,szerepid,utoljara) VALUES (112,57,2003);
INSERT INTO repertoar (enekesid,szerepid,utoljara) VALUES (112,66,1999);
INSERT INTO repertoar (enekesid,szerepid,utoljara) VALUES (112,137,2003);
INSERT INTO repertoar (enekesid,szerepid,utoljara) VALUES (112,147,1999);
INSERT INTO repertoar (enekesid,szerepid,utoljara) VALUES (112,164,2000);
INSERT INTO repertoar (enekesid,szerepid,utoljara) VALUES (112,254,2000);
INSERT INTO repertoar (enekesid,szerepid,utoljara) VALUES (112,279,2002);
INSERT INTO repertoar (enekesid,szerepid,utoljara) VALUES (113,52,2001);
INSERT INTO repertoar (enekesid,szerepid,utoljara) VALUES (113,121,1992);
INSERT INTO repertoar (enekesid,szerepid,utoljara) VALUES (113,266,1983);
INSERT INTO repertoar (enekesid,szerepid,utoljara) VALUES (114,12,1995);
INSERT INTO repertoar (enekesid,szerepid,utoljara) VALUES (114,108,1985);
INSERT INTO repertoar (enekesid,szerepid,utoljara) VALUES (114,292,2003);
INSERT INTO repertoar (enekesid,szerepid,utoljara) VALUES (115,11,1982);
INSERT INTO repertoar (enekesid,szerepid,utoljara) VALUES (115,18,2004);
INSERT INTO repertoar (enekesid,szerepid,utoljara) VALUES (115,75,1990);
INSERT INTO repertoar (enekesid,szerepid,utoljara) VALUES (115,109,1991);
INSERT INTO repertoar (enekesid,szerepid,utoljara) VALUES (115,128,1970);
INSERT INTO repertoar (enekesid,szerepid,utoljara) VALUES (115,131,1969);
INSERT INTO repertoar (enekesid,szerepid,utoljara) VALUES (115,161,2002);
INSERT INTO repertoar (enekesid,szerepid,utoljara) VALUES (115,179,1984);
INSERT INTO repertoar (enekesid,szerepid,utoljara) VALUES (115,201,1994);
INSERT INTO repertoar (enekesid,szerepid,utoljara) VALUES (115,206,1974);
INSERT INTO repertoar (enekesid,szerepid,utoljara) VALUES (115,212,1999);
INSERT INTO repertoar (enekesid,szerepid,utoljara) VALUES (115,226,2004);
INSERT INTO repertoar (enekesid,szerepid,utoljara) VALUES (115,234,1999);
INSERT INTO repertoar (enekesid,szerepid,utoljara) VALUES (115,245,1979);
INSERT INTO repertoar (enekesid,szerepid,utoljara) VALUES (115,270,1979);
INSERT INTO repertoar (enekesid,szerepid,utoljara) VALUES (115,273,1997);
INSERT INTO repertoar (enekesid,szerepid,utoljara) VALUES (115,283,2002);
INSERT INTO repertoar (enekesid,szerepid,utoljara) VALUES (115,296,1982);
INSERT INTO repertoar (enekesid,szerepid,utoljara) VALUES (116,37,1999);
INSERT INTO repertoar (enekesid,szerepid,utoljara) VALUES (116,43,2002);
INSERT INTO repertoar (enekesid,szerepid,utoljara) VALUES (116,50,2000);
INSERT INTO repertoar (enekesid,szerepid,utoljara) VALUES (116,58,1999);
INSERT INTO repertoar (enekesid,szerepid,utoljara) VALUES (116,174,2003);
INSERT INTO repertoar (enekesid,szerepid,utoljara) VALUES (116,177,2002);
INSERT INTO repertoar (enekesid,szerepid,utoljara) VALUES (116,237,2000);
INSERT INTO repertoar (enekesid,szerepid,utoljara) VALUES (116,242,2002);
INSERT INTO repertoar (enekesid,szerepid,utoljara) VALUES (116,253,2004);
INSERT INTO repertoar (enekesid,szerepid,utoljara) VALUES (117,104,1993);
INSERT INTO repertoar (enekesid,szerepid,utoljara) VALUES (117,145,1999);
INSERT INTO repertoar (enekesid,szerepid,utoljara) VALUES (117,255,1995);
INSERT INTO repertoar (enekesid,szerepid,utoljara) VALUES (117,257,1994);
INSERT INTO repertoar (enekesid,szerepid,utoljara) VALUES (118,25,1983);
INSERT INTO repertoar (enekesid,szerepid,utoljara) VALUES (119,8,1996);
INSERT INTO repertoar (enekesid,szerepid,utoljara) VALUES (119,30,1988);
INSERT INTO repertoar (enekesid,szerepid,utoljara) VALUES (119,35,1999);
INSERT INTO repertoar (enekesid,szerepid,utoljara) VALUES (119,60,1986);
INSERT INTO repertoar (enekesid,szerepid,utoljara) VALUES (119,71,1994);
INSERT INTO repertoar (enekesid,szerepid,utoljara) VALUES (119,193,1973);
INSERT INTO repertoar (enekesid,szerepid,utoljara) VALUES (119,202,1996);
INSERT INTO repertoar (enekesid,szerepid,utoljara) VALUES (119,217,1996);
INSERT INTO repertoar (enekesid,szerepid,utoljara) VALUES (119,261,2004);
INSERT INTO repertoar (enekesid,szerepid,utoljara) VALUES (120,66,1986);
INSERT INTO repertoar (enekesid,szerepid,utoljara) VALUES (120,185,1997);
INSERT INTO repertoar (enekesid,szerepid,utoljara) VALUES (121,216,1984);
INSERT INTO repertoar (enekesid,szerepid,utoljara) VALUES (121,224,1979);
INSERT INTO repertoar (enekesid,szerepid,utoljara) VALUES (121,288,1994);
INSERT INTO repertoar (enekesid,szerepid,utoljara) VALUES (122,34,2004);
INSERT INTO repertoar (enekesid,szerepid,utoljara) VALUES (122,134,1994);
INSERT INTO repertoar (enekesid,szerepid,utoljara) VALUES (122,167,1988);
INSERT INTO repertoar (enekesid,szerepid,utoljara) VALUES (122,218,2001);
INSERT INTO repertoar (enekesid,szerepid,utoljara) VALUES (122,228,1995);
INSERT INTO repertoar (enekesid,szerepid,utoljara) VALUES (122,251,1990);
INSERT INTO repertoar (enekesid,szerepid,utoljara) VALUES (122,271,1989);
INSERT INTO repertoar (enekesid,szerepid,utoljara) VALUES (123,32,2002);
INSERT INTO repertoar (enekesid,szerepid,utoljara) VALUES (124,64,1972);
INSERT INTO repertoar (enekesid,szerepid,utoljara) VALUES (125,52,2001);
INSERT INTO repertoar (enekesid,szerepid,utoljara) VALUES (125,150,2002);
INSERT INTO repertoar (enekesid,szerepid,utoljara) VALUES (125,192,2004);
INSERT INTO repertoar (enekesid,szerepid,utoljara) VALUES (125,224,2000);
INSERT INTO repertoar (enekesid,szerepid,utoljara) VALUES (125,288,2004);
INSERT INTO repertoar (enekesid,szerepid,utoljara) VALUES (126,194,1985);
INSERT INTO repertoar (enekesid,szerepid,utoljara) VALUES (127,17,2002);
INSERT INTO repertoar (enekesid,szerepid,utoljara) VALUES (127,83,2001);
INSERT INTO repertoar (enekesid,szerepid,utoljara) VALUES (127,146,1966);
INSERT INTO repertoar (enekesid,szerepid,utoljara) VALUES (127,207,1978);
INSERT INTO repertoar (enekesid,szerepid,utoljara) VALUES (127,220,1994);
INSERT INTO repertoar (enekesid,szerepid,utoljara) VALUES (127,244,1976);
INSERT INTO repertoar (enekesid,szerepid,utoljara) VALUES (127,251,1965);
INSERT INTO repertoar (enekesid,szerepid,utoljara) VALUES (127,267,1975);
INSERT INTO repertoar (enekesid,szerepid,utoljara) VALUES (127,287,1974);
INSERT INTO repertoar (enekesid,szerepid,utoljara) VALUES (127,295,2001);
INSERT INTO repertoar (enekesid,szerepid,utoljara) VALUES (128,109,2004);
INSERT INTO repertoar (enekesid,szerepid,utoljara) VALUES (129,68,1996);
INSERT INTO repertoar (enekesid,szerepid,utoljara) VALUES (129,96,1983);
INSERT INTO repertoar (enekesid,szerepid,utoljara) VALUES (129,100,1993);
INSERT INTO repertoar (enekesid,szerepid,utoljara) VALUES (129,201,1978);
INSERT INTO repertoar (enekesid,szerepid,utoljara) VALUES (129,292,1986);
INSERT INTO repertoar (enekesid,szerepid,utoljara) VALUES (129,296,1989);
INSERT INTO repertoar (enekesid,szerepid,utoljara) VALUES (130,36,1995);
INSERT INTO repertoar (enekesid,szerepid,utoljara) VALUES (130,146,2004);
INSERT INTO repertoar (enekesid,szerepid,utoljara) VALUES (130,167,1984);
INSERT INTO repertoar (enekesid,szerepid,utoljara) VALUES (130,287,1981);
INSERT INTO repertoar (enekesid,szerepid,utoljara) VALUES (131,221,1994);
INSERT INTO repertoar (enekesid,szerepid,utoljara) VALUES (132,116,1995);
INSERT INTO repertoar (enekesid,szerepid,utoljara) VALUES (132,220,2000);
INSERT INTO repertoar (enekesid,szerepid,utoljara) VALUES (132,295,1999);
INSERT INTO repertoar (enekesid,szerepid,utoljara) VALUES (133,26,1996);
INSERT INTO repertoar (enekesid,szerepid,utoljara) VALUES (133,99,1998);
INSERT INTO repertoar (enekesid,szerepid,utoljara) VALUES (133,105,1999);
INSERT INTO repertoar (enekesid,szerepid,utoljara) VALUES (133,125,1996);
INSERT INTO repertoar (enekesid,szerepid,utoljara) VALUES (133,206,2004);
INSERT INTO repertoar (enekesid,szerepid,utoljara) VALUES (133,212,1995);
INSERT INTO repertoar (enekesid,szerepid,utoljara) VALUES (133,226,1994);
INSERT INTO repertoar (enekesid,szerepid,utoljara) VALUES (133,230,2004);
INSERT INTO repertoar (enekesid,szerepid,utoljara) VALUES (133,258,1999);
INSERT INTO repertoar (enekesid,szerepid,utoljara) VALUES (133,270,1994);
INSERT INTO repertoar (enekesid,szerepid,utoljara) VALUES (133,274,1995);
INSERT INTO repertoar (enekesid,szerepid,utoljara) VALUES (133,283,2000);
INSERT INTO repertoar (enekesid,szerepid,utoljara) VALUES (133,292,1995);
INSERT INTO repertoar (enekesid,szerepid,utoljara) VALUES (134,8,1983);
INSERT INTO repertoar (enekesid,szerepid,utoljara) VALUES (134,27,1994);
INSERT INTO repertoar (enekesid,szerepid,utoljara) VALUES (134,30,2004);
INSERT INTO repertoar (enekesid,szerepid,utoljara) VALUES (134,35,1987);
INSERT INTO repertoar (enekesid,szerepid,utoljara) VALUES (134,44,1989);
INSERT INTO repertoar (enekesid,szerepid,utoljara) VALUES (134,63,1994);
INSERT INTO repertoar (enekesid,szerepid,utoljara) VALUES (134,90,1998);
INSERT INTO repertoar (enekesid,szerepid,utoljara) VALUES (134,205,2004);
INSERT INTO repertoar (enekesid,szerepid,utoljara) VALUES (134,211,1977);
INSERT INTO repertoar (enekesid,szerepid,utoljara) VALUES (134,257,1996);
INSERT INTO repertoar (enekesid,szerepid,utoljara) VALUES (135,32,1996);
INSERT INTO repertoar (enekesid,szerepid,utoljara) VALUES (135,72,1996);
INSERT INTO repertoar (enekesid,szerepid,utoljara) VALUES (135,166,1990);
INSERT INTO repertoar (enekesid,szerepid,utoljara) VALUES (135,243,1986);
INSERT INTO repertoar (enekesid,szerepid,utoljara) VALUES (136,268,2004);
INSERT INTO repertoar (enekesid,szerepid,utoljara) VALUES (136,293,1997);
INSERT INTO repertoar (enekesid,szerepid,utoljara) VALUES (137,67,2005);
INSERT INTO repertoar (enekesid,szerepid,utoljara) VALUES (137,121,2005);
INSERT INTO repertoar (enekesid,szerepid,utoljara) VALUES (137,216,2005);
INSERT INTO repertoar (enekesid,szerepid,utoljara) VALUES (138,67,1999);
INSERT INTO repertoar (enekesid,szerepid,utoljara) VALUES (138,150,1974);
INSERT INTO repertoar (enekesid,szerepid,utoljara) VALUES (138,192,1992);
INSERT INTO repertoar (enekesid,szerepid,utoljara) VALUES (138,216,1982);
INSERT INTO repertoar (enekesid,szerepid,utoljara) VALUES (138,260,1977);
INSERT INTO repertoar (enekesid,szerepid,utoljara) VALUES (138,282,1994);
INSERT INTO repertoar (enekesid,szerepid,utoljara) VALUES (139,242,2004);
INSERT INTO repertoar (enekesid,szerepid,utoljara) VALUES (139,259,2004);
INSERT INTO repertoar (enekesid,szerepid,utoljara) VALUES (140,26,1990);
INSERT INTO repertoar (enekesid,szerepid,utoljara) VALUES (140,62,1995);
INSERT INTO repertoar (enekesid,szerepid,utoljara) VALUES (140,99,1993);
INSERT INTO repertoar (enekesid,szerepid,utoljara) VALUES (140,149,1989);
INSERT INTO repertoar (enekesid,szerepid,utoljara) VALUES (140,179,1998);
INSERT INTO repertoar (enekesid,szerepid,utoljara) VALUES (140,230,2000);
INSERT INTO repertoar (enekesid,szerepid,utoljara) VALUES (140,273,1986);
INSERT INTO repertoar (enekesid,szerepid,utoljara) VALUES (141,118,1997);
INSERT INTO repertoar (enekesid,szerepid,utoljara) VALUES (141,128,2001);
INSERT INTO repertoar (enekesid,szerepid,utoljara) VALUES (141,142,2001);
INSERT INTO repertoar (enekesid,szerepid,utoljara) VALUES (141,232,1997);
INSERT INTO repertoar (enekesid,szerepid,utoljara) VALUES (142,59,1982);
INSERT INTO repertoar (enekesid,szerepid,utoljara) VALUES (142,61,1977);
INSERT INTO repertoar (enekesid,szerepid,utoljara) VALUES (142,92,1991);
INSERT INTO repertoar (enekesid,szerepid,utoljara) VALUES (142,143,1989);
INSERT INTO repertoar (enekesid,szerepid,utoljara) VALUES (142,190,1990);
INSERT INTO repertoar (enekesid,szerepid,utoljara) VALUES (142,279,1986);
INSERT INTO repertoar (enekesid,szerepid,utoljara) VALUES (143,13,1979);
INSERT INTO repertoar (enekesid,szerepid,utoljara) VALUES (143,67,2003);
INSERT INTO repertoar (enekesid,szerepid,utoljara) VALUES (143,216,1993);
INSERT INTO repertoar (enekesid,szerepid,utoljara) VALUES (143,260,1982);
INSERT INTO repertoar (enekesid,szerepid,utoljara) VALUES (143,282,1998);
INSERT INTO repertoar (enekesid,szerepid,utoljara) VALUES (144,47,2000);
INSERT INTO repertoar (enekesid,szerepid,utoljara) VALUES (144,235,2003);
INSERT INTO repertoar (enekesid,szerepid,utoljara) VALUES (145,63,2003);
INSERT INTO repertoar (enekesid,szerepid,utoljara) VALUES (145,136,2001);
INSERT INTO repertoar (enekesid,szerepid,utoljara) VALUES (145,222,2001);
INSERT INTO repertoar (enekesid,szerepid,utoljara) VALUES (146,52,1967);
INSERT INTO repertoar (enekesid,szerepid,utoljara) VALUES (146,67,1973);
INSERT INTO repertoar (enekesid,szerepid,utoljara) VALUES (146,216,1970);
INSERT INTO repertoar (enekesid,szerepid,utoljara) VALUES (147,13,1979);
INSERT INTO repertoar (enekesid,szerepid,utoljara) VALUES (147,52,1987);
INSERT INTO repertoar (enekesid,szerepid,utoljara) VALUES (147,67,1993);
INSERT INTO repertoar (enekesid,szerepid,utoljara) VALUES (147,150,1991);
INSERT INTO repertoar (enekesid,szerepid,utoljara) VALUES (147,192,1998);
INSERT INTO repertoar (enekesid,szerepid,utoljara) VALUES (147,216,1998);
INSERT INTO repertoar (enekesid,szerepid,utoljara) VALUES (147,224,1984);
INSERT INTO repertoar (enekesid,szerepid,utoljara) VALUES (147,266,2003);
INSERT INTO repertoar (enekesid,szerepid,utoljara) VALUES (147,282,1988);
INSERT INTO repertoar (enekesid,szerepid,utoljara) VALUES (147,288,1980);
INSERT INTO repertoar (enekesid,szerepid,utoljara) VALUES (148,192,1999);
INSERT INTO repertoar (enekesid,szerepid,utoljara) VALUES (148,288,1989);
INSERT INTO repertoar (enekesid,szerepid,utoljara) VALUES (149,88,1989);
INSERT INTO repertoar (enekesid,szerepid,utoljara) VALUES (149,158,1986);
INSERT INTO repertoar (enekesid,szerepid,utoljara) VALUES (149,275,2003);
INSERT INTO repertoar (enekesid,szerepid,utoljara) VALUES (150,13,1999);
INSERT INTO repertoar (enekesid,szerepid,utoljara) VALUES (150,67,2002);
INSERT INTO repertoar (enekesid,szerepid,utoljara) VALUES (150,150,1989);
INSERT INTO repertoar (enekesid,szerepid,utoljara) VALUES (150,192,1994);
INSERT INTO repertoar (enekesid,szerepid,utoljara) VALUES (150,266,1992);
INSERT INTO repertoar (enekesid,szerepid,utoljara) VALUES (151,17,1963);
INSERT INTO repertoar (enekesid,szerepid,utoljara) VALUES (151,83,1975);
INSERT INTO repertoar (enekesid,szerepid,utoljara) VALUES (151,146,1989);
INSERT INTO repertoar (enekesid,szerepid,utoljara) VALUES (152,98,2004);
INSERT INTO repertoar (enekesid,szerepid,utoljara) VALUES (152,143,2004);
INSERT INTO repertoar (enekesid,szerepid,utoljara) VALUES (152,166,1992);
INSERT INTO repertoar (enekesid,szerepid,utoljara) VALUES (152,198,1983);
INSERT INTO repertoar (enekesid,szerepid,utoljara) VALUES (153,126,1983);
INSERT INTO repertoar (enekesid,szerepid,utoljara) VALUES (153,208,1981);
INSERT INTO repertoar (enekesid,szerepid,utoljara) VALUES (154,47,1983);
INSERT INTO repertoar (enekesid,szerepid,utoljara) VALUES (154,129,1988);
INSERT INTO repertoar (enekesid,szerepid,utoljara) VALUES (155,34,1999);
INSERT INTO repertoar (enekesid,szerepid,utoljara) VALUES (155,120,1979);
INSERT INTO repertoar (enekesid,szerepid,utoljara) VALUES (155,186,1997);
INSERT INTO repertoar (enekesid,szerepid,utoljara) VALUES (155,244,1992);
INSERT INTO repertoar (enekesid,szerepid,utoljara) VALUES (156,216,1987);
INSERT INTO repertoar (enekesid,szerepid,utoljara) VALUES (157,28,1966);
INSERT INTO repertoar (enekesid,szerepid,utoljara) VALUES (158,131,2000);
INSERT INTO repertoar (enekesid,szerepid,utoljara) VALUES (158,138,2003);
INSERT INTO repertoar (enekesid,szerepid,utoljara) VALUES (158,172,1997);
INSERT INTO repertoar (enekesid,szerepid,utoljara) VALUES (158,179,1993);
INSERT INTO repertoar (enekesid,szerepid,utoljara) VALUES (158,206,1992);
INSERT INTO repertoar (enekesid,szerepid,utoljara) VALUES (158,264,1993);
INSERT INTO repertoar (enekesid,szerepid,utoljara) VALUES (159,150,1993);
INSERT INTO repertoar (enekesid,szerepid,utoljara) VALUES (160,148,2004);
INSERT INTO repertoar (enekesid,szerepid,utoljara) VALUES (160,245,2003);
INSERT INTO repertoar (enekesid,szerepid,utoljara) VALUES (161,190,1996);
INSERT INTO repertoar (enekesid,szerepid,utoljara) VALUES (161,268,2004);
INSERT INTO repertoar (enekesid,szerepid,utoljara) VALUES (161,284,2000);
INSERT INTO repertoar (enekesid,szerepid,utoljara) VALUES (162,13,2002);
INSERT INTO repertoar (enekesid,szerepid,utoljara) VALUES (162,67,1995);
INSERT INTO repertoar (enekesid,szerepid,utoljara) VALUES (162,121,1976);
INSERT INTO repertoar (enekesid,szerepid,utoljara) VALUES (162,150,1959);
INSERT INTO repertoar (enekesid,szerepid,utoljara) VALUES (162,192,1979);
INSERT INTO repertoar (enekesid,szerepid,utoljara) VALUES (162,260,1973);
INSERT INTO repertoar (enekesid,szerepid,utoljara) VALUES (162,266,1973);
INSERT INTO repertoar (enekesid,szerepid,utoljara) VALUES (162,282,1961);
INSERT INTO repertoar (enekesid,szerepid,utoljara) VALUES (163,41,2003);
INSERT INTO repertoar (enekesid,szerepid,utoljara) VALUES (163,49,2002);
INSERT INTO repertoar (enekesid,szerepid,utoljara) VALUES (163,193,2004);
INSERT INTO repertoar (enekesid,szerepid,utoljara) VALUES (163,202,2000);
INSERT INTO repertoar (enekesid,szerepid,utoljara) VALUES (164,58,2001);
INSERT INTO repertoar (enekesid,szerepid,utoljara) VALUES (164,64,1998);
INSERT INTO repertoar (enekesid,szerepid,utoljara) VALUES (164,69,1974);
INSERT INTO repertoar (enekesid,szerepid,utoljara) VALUES (164,93,1976);
INSERT INTO repertoar (enekesid,szerepid,utoljara) VALUES (164,103,1986);
INSERT INTO repertoar (enekesid,szerepid,utoljara) VALUES (164,177,1981);
INSERT INTO repertoar (enekesid,szerepid,utoljara) VALUES (164,225,1971);
INSERT INTO repertoar (enekesid,szerepid,utoljara) VALUES (165,223,2004);
INSERT INTO repertoar (enekesid,szerepid,utoljara) VALUES (166,13,2000);
INSERT INTO repertoar (enekesid,szerepid,utoljara) VALUES (166,52,1982);
INSERT INTO repertoar (enekesid,szerepid,utoljara) VALUES (166,67,1968);
INSERT INTO repertoar (enekesid,szerepid,utoljara) VALUES (166,121,2002);
INSERT INTO repertoar (enekesid,szerepid,utoljara) VALUES (166,150,1969);
INSERT INTO repertoar (enekesid,szerepid,utoljara) VALUES (166,192,1976);
INSERT INTO repertoar (enekesid,szerepid,utoljara) VALUES (166,224,1989);
INSERT INTO repertoar (enekesid,szerepid,utoljara) VALUES (166,260,1968);
INSERT INTO repertoar (enekesid,szerepid,utoljara) VALUES (166,266,1976);
INSERT INTO repertoar (enekesid,szerepid,utoljara) VALUES (166,282,2000);
INSERT INTO repertoar (enekesid,szerepid,utoljara) VALUES (166,288,1999);
INSERT INTO repertoar (enekesid,szerepid,utoljara) VALUES (167,55,1984);
INSERT INTO repertoar (enekesid,szerepid,utoljara) VALUES (167,101,1979);
INSERT INTO repertoar (enekesid,szerepid,utoljara) VALUES (167,133,1992);
INSERT INTO repertoar (enekesid,szerepid,utoljara) VALUES (167,174,1977);
INSERT INTO repertoar (enekesid,szerepid,utoljara) VALUES (168,120,2004);
INSERT INTO repertoar (enekesid,szerepid,utoljara) VALUES (168,146,1997);
INSERT INTO repertoar (enekesid,szerepid,utoljara) VALUES (169,42,1971);
INSERT INTO repertoar (enekesid,szerepid,utoljara) VALUES (169,197,1993);
INSERT INTO repertoar (enekesid,szerepid,utoljara) VALUES (170,30,1991);
INSERT INTO repertoar (enekesid,szerepid,utoljara) VALUES (170,33,2001);
INSERT INTO repertoar (enekesid,szerepid,utoljara) VALUES (170,54,1990);
INSERT INTO repertoar (enekesid,szerepid,utoljara) VALUES (170,114,1990);
INSERT INTO repertoar (enekesid,szerepid,utoljara) VALUES (170,136,1991);
INSERT INTO repertoar (enekesid,szerepid,utoljara) VALUES (170,160,1997);
INSERT INTO repertoar (enekesid,szerepid,utoljara) VALUES (170,184,1999);
INSERT INTO repertoar (enekesid,szerepid,utoljara) VALUES (171,62,1995);
INSERT INTO repertoar (enekesid,szerepid,utoljara) VALUES (171,142,1988);
INSERT INTO repertoar (enekesid,szerepid,utoljara) VALUES (171,153,1997);
INSERT INTO repertoar (enekesid,szerepid,utoljara) VALUES (171,206,1986);
INSERT INTO repertoar (enekesid,szerepid,utoljara) VALUES (172,29,1976);
INSERT INTO repertoar (enekesid,szerepid,utoljara) VALUES (172,128,1991);
INSERT INTO repertoar (enekesid,szerepid,utoljara) VALUES (172,178,1987);
INSERT INTO repertoar (enekesid,szerepid,utoljara) VALUES (173,132,2001);
INSERT INTO repertoar (enekesid,szerepid,utoljara) VALUES (173,198,1990);
INSERT INTO repertoar (enekesid,szerepid,utoljara) VALUES (173,268,2000);
INSERT INTO repertoar (enekesid,szerepid,utoljara) VALUES (174,25,1997);
INSERT INTO repertoar (enekesid,szerepid,utoljara) VALUES (174,74,1997);
INSERT INTO repertoar (enekesid,szerepid,utoljara) VALUES (174,157,2002);
INSERT INTO repertoar (enekesid,szerepid,utoljara) VALUES (174,171,1996);
INSERT INTO repertoar (enekesid,szerepid,utoljara) VALUES (174,200,1998);
INSERT INTO repertoar (enekesid,szerepid,utoljara) VALUES (174,203,2000);
INSERT INTO repertoar (enekesid,szerepid,utoljara) VALUES (174,235,1998);
INSERT INTO repertoar (enekesid,szerepid,utoljara) VALUES (174,285,2001);
INSERT INTO repertoar (enekesid,szerepid,utoljara) VALUES (175,19,1997);
INSERT INTO repertoar (enekesid,szerepid,utoljara) VALUES (175,34,1999);
INSERT INTO repertoar (enekesid,szerepid,utoljara) VALUES (175,76,1997);
INSERT INTO repertoar (enekesid,szerepid,utoljara) VALUES (175,120,1983);
INSERT INTO repertoar (enekesid,szerepid,utoljara) VALUES (175,134,1975);
INSERT INTO repertoar (enekesid,szerepid,utoljara) VALUES (175,146,2000);
INSERT INTO repertoar (enekesid,szerepid,utoljara) VALUES (175,168,1989);
INSERT INTO repertoar (enekesid,szerepid,utoljara) VALUES (175,186,1982);
INSERT INTO repertoar (enekesid,szerepid,utoljara) VALUES (175,191,1979);
INSERT INTO repertoar (enekesid,szerepid,utoljara) VALUES (175,244,1982);
INSERT INTO repertoar (enekesid,szerepid,utoljara) VALUES (175,251,1982);
INSERT INTO repertoar (enekesid,szerepid,utoljara) VALUES (175,304,1974);
INSERT INTO repertoar (enekesid,szerepid,utoljara) VALUES (176,37,1979);
INSERT INTO repertoar (enekesid,szerepid,utoljara) VALUES (177,87,2000);
INSERT INTO repertoar (enekesid,szerepid,utoljara) VALUES (177,154,1999);
INSERT INTO repertoar (enekesid,szerepid,utoljara) VALUES (177,219,1998);
INSERT INTO repertoar (enekesid,szerepid,utoljara) VALUES (177,223,1992);
INSERT INTO repertoar (enekesid,szerepid,utoljara) VALUES (178,92,2000);
INSERT INTO repertoar (enekesid,szerepid,utoljara) VALUES (178,137,1963);
INSERT INTO repertoar (enekesid,szerepid,utoljara) VALUES (178,190,1995);
INSERT INTO repertoar (enekesid,szerepid,utoljara) VALUES (179,29,1995);
INSERT INTO repertoar (enekesid,szerepid,utoljara) VALUES (179,99,1997);
INSERT INTO repertoar (enekesid,szerepid,utoljara) VALUES (179,269,1997);
INSERT INTO repertoar (enekesid,szerepid,utoljara) VALUES (180,132,1982);
INSERT INTO repertoar (enekesid,szerepid,utoljara) VALUES (180,139,1970);
INSERT INTO repertoar (enekesid,szerepid,utoljara) VALUES (180,221,1981);
INSERT INTO repertoar (enekesid,szerepid,utoljara) VALUES (180,293,1983);
INSERT INTO repertoar (enekesid,szerepid,utoljara) VALUES (181,31,1996);
INSERT INTO repertoar (enekesid,szerepid,utoljara) VALUES (181,243,1988);
INSERT INTO repertoar (enekesid,szerepid,utoljara) VALUES (181,256,1998);
INSERT INTO repertoar (enekesid,szerepid,utoljara) VALUES (182,67,1993);
INSERT INTO repertoar (enekesid,szerepid,utoljara) VALUES (182,121,2000);
INSERT INTO repertoar (enekesid,szerepid,utoljara) VALUES (182,216,1995);
INSERT INTO repertoar (enekesid,szerepid,utoljara) VALUES (182,260,1996);
INSERT INTO repertoar (enekesid,szerepid,utoljara) VALUES (182,282,1990);
INSERT INTO repertoar (enekesid,szerepid,utoljara) VALUES (183,14,1999);
INSERT INTO repertoar (enekesid,szerepid,utoljara) VALUES (183,50,2003);
INSERT INTO repertoar (enekesid,szerepid,utoljara) VALUES (183,73,2001);
INSERT INTO repertoar (enekesid,szerepid,utoljara) VALUES (183,79,1981);
INSERT INTO repertoar (enekesid,szerepid,utoljara) VALUES (183,93,1994);
INSERT INTO repertoar (enekesid,szerepid,utoljara) VALUES (183,158,2001);
INSERT INTO repertoar (enekesid,szerepid,utoljara) VALUES (183,215,1968);
INSERT INTO repertoar (enekesid,szerepid,utoljara) VALUES (183,236,1974);
INSERT INTO repertoar (enekesid,szerepid,utoljara) VALUES (183,246,1977);
INSERT INTO repertoar (enekesid,szerepid,utoljara) VALUES (183,272,1985);
INSERT INTO repertoar (enekesid,szerepid,utoljara) VALUES (183,277,1966);
INSERT INTO repertoar (enekesid,szerepid,utoljara) VALUES (183,285,1995);
INSERT INTO repertoar (enekesid,szerepid,utoljara) VALUES (183,305,1987);
INSERT INTO repertoar (enekesid,szerepid,utoljara) VALUES (184,106,1971);
INSERT INTO repertoar (enekesid,szerepid,utoljara) VALUES (185,114,2003);
INSERT INTO repertoar (enekesid,szerepid,utoljara) VALUES (186,124,1996);
INSERT INTO repertoar (enekesid,szerepid,utoljara) VALUES (186,142,1998);
INSERT INTO repertoar (enekesid,szerepid,utoljara) VALUES (186,180,1995);
INSERT INTO repertoar (enekesid,szerepid,utoljara) VALUES (186,212,2004);
INSERT INTO repertoar (enekesid,szerepid,utoljara) VALUES (186,230,1996);
INSERT INTO repertoar (enekesid,szerepid,utoljara) VALUES (186,269,2002);
INSERT INTO repertoar (enekesid,szerepid,utoljara) VALUES (186,283,1995);
INSERT INTO repertoar (enekesid,szerepid,utoljara) VALUES (186,296,2002);
INSERT INTO repertoar (enekesid,szerepid,utoljara) VALUES (187,76,2002);
INSERT INTO repertoar (enekesid,szerepid,utoljara) VALUES (187,83,2004);
INSERT INTO repertoar (enekesid,szerepid,utoljara) VALUES (187,84,1996);
INSERT INTO repertoar (enekesid,szerepid,utoljara) VALUES (187,191,2001);
INSERT INTO repertoar (enekesid,szerepid,utoljara) VALUES (187,220,1985);
INSERT INTO repertoar (enekesid,szerepid,utoljara) VALUES (188,287,2000);
INSERT INTO repertoar (enekesid,szerepid,utoljara) VALUES (189,25,1999);
INSERT INTO repertoar (enekesid,szerepid,utoljara) VALUES (189,74,1987);
INSERT INTO repertoar (enekesid,szerepid,utoljara) VALUES (189,103,1996);
INSERT INTO repertoar (enekesid,szerepid,utoljara) VALUES (189,169,1981);
INSERT INTO repertoar (enekesid,szerepid,utoljara) VALUES (189,170,1988);
INSERT INTO repertoar (enekesid,szerepid,utoljara) VALUES (189,176,1992);
INSERT INTO repertoar (enekesid,szerepid,utoljara) VALUES (189,177,1992);
INSERT INTO repertoar (enekesid,szerepid,utoljara) VALUES (189,219,1990);
INSERT INTO repertoar (enekesid,szerepid,utoljara) VALUES (189,223,1979);
INSERT INTO repertoar (enekesid,szerepid,utoljara) VALUES (189,246,2000);
INSERT INTO repertoar (enekesid,szerepid,utoljara) VALUES (189,259,2001);
INSERT INTO repertoar (enekesid,szerepid,utoljara) VALUES (190,150,1997);
INSERT INTO repertoar (enekesid,szerepid,utoljara) VALUES (190,192,2004);
INSERT INTO repertoar (enekesid,szerepid,utoljara) VALUES (191,45,1999);
INSERT INTO repertoar (enekesid,szerepid,utoljara) VALUES (191,184,2000);
INSERT INTO repertoar (enekesid,szerepid,utoljara) VALUES (192,188,2002);
INSERT INTO repertoar (enekesid,szerepid,utoljara) VALUES (192,203,1981);
INSERT INTO repertoar (enekesid,szerepid,utoljara) VALUES (192,294,1976);
INSERT INTO repertoar (enekesid,szerepid,utoljara) VALUES (193,30,1998);
INSERT INTO repertoar (enekesid,szerepid,utoljara) VALUES (194,17,2003);
INSERT INTO repertoar (enekesid,szerepid,utoljara) VALUES (194,46,2003);
INSERT INTO repertoar (enekesid,szerepid,utoljara) VALUES (194,84,2002);
INSERT INTO repertoar (enekesid,szerepid,utoljara) VALUES (194,120,2003);
INSERT INTO repertoar (enekesid,szerepid,utoljara) VALUES (194,146,2000);
INSERT INTO repertoar (enekesid,szerepid,utoljara) VALUES (194,186,2004);
INSERT INTO repertoar (enekesid,szerepid,utoljara) VALUES (194,191,2000);
INSERT INTO repertoar (enekesid,szerepid,utoljara) VALUES (194,218,2004);
INSERT INTO repertoar (enekesid,szerepid,utoljara) VALUES (194,251,2001);
INSERT INTO repertoar (enekesid,szerepid,utoljara) VALUES (194,271,2003);
INSERT INTO repertoar (enekesid,szerepid,utoljara) VALUES (194,295,2004);
INSERT INTO repertoar (enekesid,szerepid,utoljara) VALUES (194,301,2004);
INSERT INTO repertoar (enekesid,szerepid,utoljara) VALUES (195,76,1985);
INSERT INTO repertoar (enekesid,szerepid,utoljara) VALUES (195,84,1979);
INSERT INTO repertoar (enekesid,szerepid,utoljara) VALUES (195,134,2003);
INSERT INTO repertoar (enekesid,szerepid,utoljara) VALUES (195,191,2004);
INSERT INTO repertoar (enekesid,szerepid,utoljara) VALUES (195,244,1975);
INSERT INTO repertoar (enekesid,szerepid,utoljara) VALUES (195,271,1991);
INSERT INTO repertoar (enekesid,szerepid,utoljara) VALUES (195,281,1993);
INSERT INTO repertoar (enekesid,szerepid,utoljara) VALUES (195,301,1980);
INSERT INTO repertoar (enekesid,szerepid,utoljara) VALUES (196,29,1991);
INSERT INTO repertoar (enekesid,szerepid,utoljara) VALUES (196,124,1991);
INSERT INTO repertoar (enekesid,szerepid,utoljara) VALUES (196,172,1998);
INSERT INTO repertoar (enekesid,szerepid,utoljara) VALUES (197,13,2000);
INSERT INTO repertoar (enekesid,szerepid,utoljara) VALUES (198,9,1987);
INSERT INTO repertoar (enekesid,szerepid,utoljara) VALUES (198,59,1996);
INSERT INTO repertoar (enekesid,szerepid,utoljara) VALUES (198,166,2004);
INSERT INTO repertoar (enekesid,szerepid,utoljara) VALUES (199,52,1991);
INSERT INTO repertoar (enekesid,szerepid,utoljara) VALUES (199,67,1987);
INSERT INTO repertoar (enekesid,szerepid,utoljara) VALUES (199,192,1984);
INSERT INTO repertoar (enekesid,szerepid,utoljara) VALUES (199,288,2004);
INSERT INTO repertoar (enekesid,szerepid,utoljara) VALUES (200,10,1995);
INSERT INTO repertoar (enekesid,szerepid,utoljara) VALUES (200,65,1997);
INSERT INTO repertoar (enekesid,szerepid,utoljara) VALUES (200,133,2003);
INSERT INTO repertoar (enekesid,szerepid,utoljara) VALUES (200,163,1996);
INSERT INTO repertoar (enekesid,szerepid,utoljara) VALUES (200,209,2000);
INSERT INTO repertoar (enekesid,szerepid,utoljara) VALUES (200,246,1995);
INSERT INTO repertoar (enekesid,szerepid,utoljara) VALUES (200,253,1997);
INSERT INTO repertoar (enekesid,szerepid,utoljara) VALUES (201,70,1982);
INSERT INTO repertoar (enekesid,szerepid,utoljara) VALUES (201,91,1972);
INSERT INTO repertoar (enekesid,szerepid,utoljara) VALUES (201,141,1969);
INSERT INTO repertoar (enekesid,szerepid,utoljara) VALUES (201,160,1997);
INSERT INTO repertoar (enekesid,szerepid,utoljara) VALUES (201,222,1974);
INSERT INTO repertoar (enekesid,szerepid,utoljara) VALUES (202,50,2002);
INSERT INTO repertoar (enekesid,szerepid,utoljara) VALUES (202,195,2000);
INSERT INTO repertoar (enekesid,szerepid,utoljara) VALUES (203,10,1990);
INSERT INTO repertoar (enekesid,szerepid,utoljara) VALUES (203,14,1994);
INSERT INTO repertoar (enekesid,szerepid,utoljara) VALUES (203,47,1990);
INSERT INTO repertoar (enekesid,szerepid,utoljara) VALUES (203,73,1992);
INSERT INTO repertoar (enekesid,szerepid,utoljara) VALUES (203,87,1976);
INSERT INTO repertoar (enekesid,szerepid,utoljara) VALUES (203,101,1969);
INSERT INTO repertoar (enekesid,szerepid,utoljara) VALUES (203,103,1966);
INSERT INTO repertoar (enekesid,szerepid,utoljara) VALUES (203,107,1975);
INSERT INTO repertoar (enekesid,szerepid,utoljara) VALUES (203,127,1986);
INSERT INTO repertoar (enekesid,szerepid,utoljara) VALUES (203,163,1979);
INSERT INTO repertoar (enekesid,szerepid,utoljara) VALUES (203,188,2000);
INSERT INTO repertoar (enekesid,szerepid,utoljara) VALUES (203,246,1973);
INSERT INTO repertoar (enekesid,szerepid,utoljara) VALUES (203,272,2004);
INSERT INTO repertoar (enekesid,szerepid,utoljara) VALUES (203,285,1973);
INSERT INTO repertoar (enekesid,szerepid,utoljara) VALUES (204,30,1971);
INSERT INTO repertoar (enekesid,szerepid,utoljara) VALUES (204,49,1977);
INSERT INTO repertoar (enekesid,szerepid,utoljara) VALUES (204,94,1993);
INSERT INTO repertoar (enekesid,szerepid,utoljara) VALUES (204,104,1989);
INSERT INTO repertoar (enekesid,szerepid,utoljara) VALUES (204,152,1985);
INSERT INTO repertoar (enekesid,szerepid,utoljara) VALUES (204,184,2003);
INSERT INTO repertoar (enekesid,szerepid,utoljara) VALUES (204,211,1978);
INSERT INTO repertoar (enekesid,szerepid,utoljara) VALUES (204,255,1966);
INSERT INTO repertoar (enekesid,szerepid,utoljara) VALUES (205,112,2004);
SET FOREIGN_KEY_CHECKS=1;